plant_id,company,country,status,claim_id,kind,product,value_t_per_year,value_native,as_of,basis,scope,chem,scale,bundle,duplicate_of,supersedes,superseded_by,target_date,counted_operating,counted_pipeline,counted_upper_only,public_confidence,caveats,note,source_tier,source_publisher,source_type,source_date,source_url,source_count,source_ids,source_urls,source_roles
p001,Hunan Yuneng New Energy (湖南裕能),China,Operating,p001.c1,shipments,CAM,700000,,2024,reported,company,LFP,commercial,,,,,,,,,Low,"row-level seed source — figure-level re-sourcing pending; market observation, not nameplate",~700 kt shipped 2024; 28.8% global share; rank #1,trade,Adamas Intelligence,analyst note,,https://www.adamasintel.com/hunan-yuneng-to-biuld-50-ktpa-lfp-cam-plant-spain/,1,s048,https://www.adamasintel.com/hunan-yuneng-to-biuld-50-ktpa-lfp-cam-plant-spain/,
p001,Hunan Yuneng New Energy (湖南裕能),China,Operating,p001.c2,shipments,CAM,1000000,,2025,reported,company,LFP,commercial,,,,p001.c6,,,,,Low,"superseded by p001.c6 — shown for history, counts toward no total; row-level seed source — figure-level re-sourcing pending; stated as a floor; market observation, not nameplate",>1 Mt shipped 2025 — stated as a floor ('>'); not a nameplate figure,trade,Adamas Intelligence,analyst note,,https://www.adamasintel.com/hunan-yuneng-to-biuld-50-ktpa-lfp-cam-plant-spain/,1,s048,https://www.adamasintel.com/hunan-yuneng-to-biuld-50-ktpa-lfp-cam-plant-spain/,
p001,Hunan Yuneng New Energy (湖南裕能),China,Operating,p001.c3,capacity,CAM,50000,,,announced,site,LFP,commercial,,,,,,,Y,,Low,row-level seed source — figure-level re-sourcing pending; no vintage stated in seed,"Spain plant, 50 ktpa, from the cited source's own title; Malaysia plant also announced (no figure)",trade,Adamas Intelligence,analyst note,,https://www.adamasintel.com/hunan-yuneng-to-biuld-50-ktpa-lfp-cam-plant-spain/,1,s048,https://www.adamasintel.com/hunan-yuneng-to-biuld-50-ktpa-lfp-cam-plant-spain/,
p001,Hunan Yuneng New Energy (湖南裕能),China,Operating,p001.c4,capacity,CAM,994500,,2025-12-31,built,company,L(M)FP-unsplit,commercial,,,,,,Y,,,High,,"FY2025 AR capacity table, 磷酸盐正极材料 (phosphate cathode materials — AR does not split LFP/LMFP; LMFP is at trial-production stage): 产能 994,500.00 t, utilization 113.76%. Spot-verified on the CNINFO PDF. Fills the seed's biggest hole (g01).",primary,SZSE / CNINFO,annual report,2026-04-23,https://static.cninfo.com.cn/finalpage/2026-04-23/1225155057.PDF,1,s_yuneng_ar25,https://static.cninfo.com.cn/finalpage/2026-04-23/1225155057.PDF,
p001,Hunan Yuneng New Energy (湖南裕能),China,Operating,p001.c5,capacity,CAM,70000,,2026-04-23,construction,company,L(M)FP-unsplit,commercial,,,,,,,Y,,High,,"FY2025 AR: 在建产能 70,000.00 t (under construction), same table.",primary,SZSE / CNINFO,annual report,2026-04-23,https://static.cninfo.com.cn/finalpage/2026-04-23/1225155057.PDF,1,s_yuneng_ar25,https://static.cninfo.com.cn/finalpage/2026-04-23/1225155057.PDF,
p001,Hunan Yuneng New Energy (湖南裕能),China,Operating,p001.c6,shipments,CAM,1137085,,2025,reported,company,LFP,commercial,,,p001.c2,,,,,,High,"stated as a floor; market observation, not nameplate","FY2025 AR: 销售量 1,137,084.83 t; 生产量 1,131,305.32 t. Supersedes the seed's '>1 Mt' ranking floor with the filed figure. Production exceeds year-end nameplate (capacity added in-year; AR's own utilization 113.76%).",primary,SZSE / CNINFO,annual report,2026-04-23,https://static.cninfo.com.cn/finalpage/2026-04-23/1225155057.PDF,1,s_yuneng_ar25,https://static.cninfo.com.cn/finalpage/2026-04-23/1225155057.PDF,
p002,Hubei Wanrun New Energy (湖北万润),China,Operating,p002.c1,shipments,CAM,375000,,2025,reported,company,LFP,commercial,,,,p002.c3,,,,,Medium,"superseded by p002.c3 — shown for history, counts toward no total; row-level seed source — figure-level re-sourcing pending; market observation, not nameplate","~375 kt 2025 rank #2 (rank #3 in 2024); ranking figure, seed source is the company site",company,en.hbwanrun.com,company website,,https://en.hbwanrun.com/,1,s049,https://en.hbwanrun.com/,
p002,Hubei Wanrun New Energy (湖北万润),China,Operating,p002.c2,capacity,CAM,468000,,2025-05,reported,company,LFP,commercial,,,,p002.c6,,,,,Low,"superseded by p002.c6 — shown for history, counts toward no total","Domestic LFP capacity 46.8万吨/年 (Hubei 311k + Shandong 120k + Anhui 37k). Trade tier: the FY2025 AR (confirmed absence, three targeted reads) publishes no company capacity table; filing-tier component: '12万吨/年磷酸铁锂及24万吨/年磷酸铁项目产能已建成投产' (announcement 2025-032). Second Binzhou 120k line delayed to Dec 2026 — unclear if inside the 468k.",trade,21st Century Business Herald,trade press,2025-05-20,https://www.21jingji.com/article/20250520/herald/8da85a8b1acf02df0a91de910b592144.html,1,s_wanrun_21j,https://www.21jingji.com/article/20250520/herald/8da85a8b1acf02df0a91de910b592144.html,
p002,Hubei Wanrun New Energy (湖北万润),China,Operating,p002.c3,shipments,CAM,375100,,2025,reported,company,LFP,commercial,,,p002.c1,,,,,,High,"market observation, not nameplate","FY2025 AR: 磷酸铁锂累计出货量为37.51万吨, +64.33% YoY. Supersedes the seed ranking figure with the filed one (same value, source upgraded to filing).",primary,SSE (Xueqiu mirror),annual report,2026-04-25,https://stockmc.xueqiu.com/202604/688275_20260425_M1WW.pdf,1,s_wanrun_ar25,https://stockmc.xueqiu.com/202604/688275_20260425_M1WW.pdf,
p002,Hubei Wanrun New Energy (湖北万润),China,Operating,p002.c4,capacity,FePO4,240000,,2025-11,built,company,FePO4,commercial,,,,,,,,,High,,"Filing 2025-032: '24万吨/年磷酸铁项目产能已建成投产' — 240,000 t/y iron phosphate built and producing (Binzhou).",primary,SSE (QQ mirror),exchange announcement,2025-11-13,https://file.finance.qq.com/finance/hs/pdf/2025/11/13/1224802255.PDF,1,s_wanrun_delay,https://file.finance.qq.com/finance/hs/pdf/2025/11/13/1224802255.PDF,
p002,Hubei Wanrun New Energy (湖北万润),China,Operating,p002.c5,capacity,CAM,9000,,2024-09-25,planned,site,LFP,commercial,,,,,2028,,Y,,Low,,"US South Carolina plan: 50,000 t/y LFP total, phase 1 9,000 t/y (only the committed phase is counted; '分期开展建设').",trade,SMM,trade press,2024-09-25,https://news.smm.cn/news/102967450,1,s_wanrun_us,https://news.smm.cn/news/102967450,
p002,Hubei Wanrun New Energy (湖北万润),China,Operating,p002.c6,capacity,CAM,468000,,2026-05,built,company,LFP,commercial,,,p002.c2,,,Y,,,Medium,,"Company IR record (May 2026, exchange-disclosed; relayed verbatim by Securities Times): '目前公司磷酸铁锂已实现投产产能46.80万吨/年' — 468,000 t/y IN PRODUCTION. Per-base (Q3-2024 briefing): Hubei 311k + Anhui 37k + Shandong 120k. Resolves the g07 Wanrun item: value unchanged, tier trade → company.",company,证券时报 (relaying the May-2026 exchange-disclosed IR record),company IR statement via press,2026-07-22,https://www.stcn.com/article/detail/4033487.html,1,s_wanrun_ir0526,https://www.stcn.com/article/detail/4033487.html,
p002,Hubei Wanrun New Energy (湖北万润),China,Operating,p002.c7,capacity,CAM,70000,,2026-01-17,construction,site,LFP,commercial,,,,,,,Y,,High,,"Hongmai Gaoke 70,000 t/y high-compaction LFP project, Liuliping Industrial Park, Danjiangkou (Shiyan) — sponsor-verified filing, board-approved Jan 2026, ~12-month build.",primary,SSE (QQ mirror),sponsor verification opinion,2026-01-17,https://file.finance.qq.com/finance/hs/pdf/2026/01/17/1224938478.PDF,1,s_wanrun_hongmai,https://file.finance.qq.com/finance/hs/pdf/2026/01/17/1224938478.PDF,
p003,Shenzhen Dynanonic / Defang (德方纳米),China,Operating,p003.c1,capacity,CAM,345000,,2025,reported,company,LFP,commercial,,,,p003.c3,,,,,Medium,"superseded by p003.c3 — shown for history, counts toward no total; row-level seed source — figure-level re-sourcing pending",LFP ~345 kt by 2025 (SELPS liquid-phase route),company,www.dynanonic.com,company website,,https://www.dynanonic.com/enabout.aspx?id=90,1,s050,https://www.dynanonic.com/enabout.aspx?id=90,
p003,Shenzhen Dynanonic / Defang (德方纳米),China,Operating,p003.c2,capacity,CAM,110000,,2022,built,site,LMFP,commercial,,,,,,,,,Medium,row-level seed source — figure-level re-sourcing pending,Qujing plant — world-first >100 kt LMFP plant (2022),company,www.dynanonic.com,company website,,https://www.dynanonic.com/enabout.aspx?id=90,1,s050,https://www.dynanonic.com/enabout.aspx?id=90,
p003,Shenzhen Dynanonic / Defang (德方纳米),China,Operating,p003.c3,capacity,CAM,450000,,2025-12-31,built,company,L(M)FP-unsplit,commercial,,,p003.c1,,,Y,,,High,,"FY2025 AR: '公司已建成磷酸盐系正极材料产能 45 万吨/年' — 450,000 t/y built, phosphate-FAMILY (nano-LFP + LMFP, no split published). Spot-verified. Utilization table (different measure, monthly-summed): 333,625 t effective, 85.66%, 53,333 t in construction. IR record Oct-2025: 37万吨 built + 8万吨 commissioning — consistent if commissioning finished by year-end. Supersedes the seed's LFP-only 345k.",primary,SZSE (10jqka mirror),annual report,2026-04-29,http://notice.10jqka.com.cn/api/pdf/4e61ab4249c7399f.pdf,1,s_dyn_ar25,http://notice.10jqka.com.cn/api/pdf/4e61ab4249c7399f.pdf,
p003,Shenzhen Dynanonic / Defang (德方纳米),China,Operating,p003.c4,shipments,CAM,280000,,2025,reported,company,L(M)FP-unsplit,commercial,,,,,,,,,High,"market observation, not nameplate","FY2025 AR: 销量 28.00万吨 (+24.04%); 产量 28.58万吨 (+20.76%), phosphate-family CAM.",primary,SZSE (10jqka mirror),annual report,2026-04-29,http://notice.10jqka.com.cn/api/pdf/4e61ab4249c7399f.pdf,1,s_dyn_ar25,http://notice.10jqka.com.cn/api/pdf/4e61ab4249c7399f.pdf,
p004,Jiangsu Lopal / Changzhou Liyuan LBM (龙蟠·常州锂源),China,Operating,p004.c1,capacity,CAM,310000,,,reported,company,LFP,commercial,,,,p004.c8,,,,,Low,"superseded by p004.c8 — shown for history, counts toward no total; row-level seed source — figure-level re-sourcing pending; no vintage stated in seed",~310 kt; Top-5; acquired BTR's LFP business,company,en.liyuanen.com,company website,,https://en.liyuanen.com/,1,s051,https://en.liyuanen.com/,
p004,Jiangsu Lopal / Changzhou Liyuan LBM (龙蟠·常州锂源),China,Operating,p004.c2,capacity,CAM,600000,,,target,company,LFP,commercial,,,,,,,,,Low,row-level seed source — figure-level re-sourcing pending; no vintage stated in seed; company target — counts toward no total,company target; supersedes nothing — expansion goal,company,en.liyuanen.com,company website,,https://en.liyuanen.com/,1,s051,https://en.liyuanen.com/,
p004,Jiangsu Lopal / Changzhou Liyuan LBM (龙蟠·常州锂源),China,Operating,p004.c3,qualitative,CAM,,,,announced,site,LFP,commercial,,,,,,,,,Medium,,Indonesia plant — first Chinese LFP-CAM maker to build overseas; no figure in seed,company,en.liyuanen.com,company website,,https://en.liyuanen.com/,1,s051,https://en.liyuanen.com/,
p004,Jiangsu Lopal / Changzhou Liyuan LBM (龙蟠·常州锂源),China,Operating,p004.c4,shipments,CAM,202481,,2025,reported,company,LFP,commercial,,,,,,,,,High,"market observation, not nameplate","FY2025 AR: LFP 销售量 202,480.88 t; 生产量 202,115.13 t. Six bases incl. Semarang, Indonesia. The AR's reachable portion publishes no group capacity total — the seed's ~310k company figure stands unconfirmed by filing (flagged).",primary,SSE / CNINFO,annual report,2026-04-24,http://dataclouds.cninfo.com.cn/shgonggao/hsomarket/2026/20260424/7d95dbe4155d44f09a2d611e4d71a485.PDF,1,s_lopal_ar25,http://dataclouds.cninfo.com.cn/shgonggao/hsomarket/2026/20260424/7d95dbe4155d44f09a2d611e4d71a485.PDF,
p004,Jiangsu Lopal / Changzhou Liyuan LBM (龙蟠·常州锂源),China,Operating,p004.c5,capacity,CAM,90000,,2026-05-25,construction,site,LFP,commercial,,,,,,,Y,,Low,,"Indonesia Semarang phase 2: 90,000 t under construction, in installation/commissioning (company investor-platform reply, May 2026). CONFLICT: EnergyTrend (Dec 2025) had phase 2 = 62,500 t 'completed' — later-dated company statement carried.",trade,NBD (每日经济新闻),trade press (company investor-platform reply),2026-05-25,https://www.nbd.com.cn/articles/2026-05-25/4407632.html,1,s_lopal_ph2,https://www.nbd.com.cn/articles/2026-05-25/4407632.html,
p004,Jiangsu Lopal / Changzhou Liyuan LBM (龙蟠·常州锂源),China,Operating,p004.c6,capacity,CAM,100000,,2025-12-24,construction,site,LFP,commercial,,,,,2026,,Y,,Low,,"Indonesia Semarang phase 3 raised 62,500 → 100,000 t/y (announcement of 2025-12-24; completion expected May 2026 — not yet confirmed complete).",trade,NBD (每日经济新闻),trade press (quoting SSE/HKEX announcement),2025-12-24,https://www.nbd.com.cn/articles/2025-12-24/4193800.html,1,s_lopal_ph3,https://www.nbd.com.cn/articles/2025-12-24/4193800.html,
p004,Jiangsu Lopal / Changzhou Liyuan LBM (龙蟠·常州锂源),China,Operating,p004.c7,capacity,CAM,120000,,2026-06-10,planned,site,LFP,commercial,,,,,2027,,Y,,High,,"NEW Batang (Central Java) plant: 120,000 t/y gen-2/3 LFP, USD 160m, construction start expected Jul 2026, 12-month build (HKEX filing 2026-06-10).",primary,HKEX,exchange announcement,2026-06-10,https://www.hkexnews.hk/listedco/listconews/sehk/2026/0610/2026061001481_c.pdf,1,s_lopal_batang,https://www.hkexnews.hk/listedco/listconews/sehk/2026/0610/2026061001481_c.pdf,
p004,Jiangsu Lopal / Changzhou Liyuan LBM (龙蟠·常州锂源),China,Operating,p004.c8,capacity,CAM,200670,,2023-12-31,built,company,LFP,commercial,,,p004.c1,,,Y,,,High,,"H-share IPO prospectus designed-capacity table: FY2023 designed capacity 200,670.2 t/y (utilization 57.6%); H1-2024 six-month designed capacity 110,633.4 t (~221 kt/y annualised); five China plants (Jintan, Baodi, Pengxi, Heze, Xiangyang) + Semarang. Global #4, 6.5% share. The seed/website '~310 kt' is NOT restated in any located filing and is retired as an unverified aggregate (FY2025 output 202.1 kt). CONFLICT logged: H-share FY2025 results quote 'sales 202,115 t' where the A-share AR calls that figure production.",primary,HKEX (iqdii mirror of the prospectus),IPO prospectus,2024-10-22,https://statichk.iqdii.com/stockdata/notice/02465/2024/2024102200008_c.pdf,1,s_lopal_prosp,https://statichk.iqdii.com/stockdata/notice/02465/2024/2024102200008_c.pdf,
p004,Jiangsu Lopal / Changzhou Liyuan LBM (龙蟠·常州锂源),China,Operating,p004.c9,capacity,CAM,120000,,2026-05-12,construction,site,LFP,commercial,,,,,,,Y,,Medium,,"Jintan (Changzhou) 120,000 t high-compaction LFP base — 常州锂源 B-round RMB 440m contractually restricted to this project (HKEX announcement 2026-05-11). The A-share placement's 110k + 85k 磷酸盐 projects may overlap with this and are NOT counted (unresolved).",company,Sina (relaying HKEX announcement 2026-05-11),exchange announcement via press,2026-05-12,https://finance.sina.com.cn/stock/hkstock/ggscyd/2026-05-12/doc-inhxqvat8525840.shtml,1,s_lopal_jintan,https://finance.sina.com.cn/stock/hkstock/ggscyd/2026-05-12/doc-inhxqvat8525840.shtml,
p005,Guizhou Anda Technology (贵州安达),China,Operating,p005.c1,capacity,CAM,150000,,,reported,company,LFP,commercial,bundle,,,p005.c2,,,,,Low,"superseded by p005.c2 — shown for history, counts toward no total; row-level seed source — figure-level re-sourcing pending; no vintage stated in seed; bundle — non-CAM or mixed tonnage inside",~150 kt LFP + iron-phosphate — BUNDLE (precursor lines inside); upper band only,trade,EnergyTrend (TrendForce),trade press,2023-03-29,https://www.energytrend.com/news/20230329-31590.html,1,s052,https://www.energytrend.com/news/20230329-31590.html,
p005,Guizhou Anda Technology (贵州安达),China,Operating,p005.c2,capacity,CAM,150000,,2025-12-31,built,company,LFP,commercial,,,p005.c1,,,Y,,,High,,"CORRECTION of the seed bundle: filing 2025-112 states SEPARATELY '15万吨/年磷酸铁及15万吨/年磷酸铁锂产能' — 150,000 t/y LFP CAM (this claim) AND 150,000 t/y FePO4 (own claim). Restated as of end-2025 in the FY2025 AR. Utilization >95% excl. lines under retrofit; Q1-2026 effective capacity 110,000 t during technical upgrades. Listed venue renumbered BSE 830809 → 920809.",primary,BSE / CNINFO (Qixin mirror),filed IR activity record,2025-11-11,https://qxb-pdf-osscache.qixin.com/AnBaseinfo/4c52c2fcb56c4edbc5717635a1f2384f.pdf,1,s_anda_ir112,https://qxb-pdf-osscache.qixin.com/AnBaseinfo/4c52c2fcb56c4edbc5717635a1f2384f.pdf,
p005,Guizhou Anda Technology (贵州安达),China,Operating,p005.c3,capacity,FePO4,150000,,2025-12-31,built,company,FePO4,commercial,,,,,,,,,High,,"Filing 2025-112 / FY2025 AR: 150,000 t/y iron-phosphate precursor capacity (separate from the LFP CAM lines).",primary,BSE / CNINFO (Qixin mirror),filed IR activity record,2025-11-11,https://qxb-pdf-osscache.qixin.com/AnBaseinfo/4c52c2fcb56c4edbc5717635a1f2384f.pdf,1,s_anda_ir112,https://qxb-pdf-osscache.qixin.com/AnBaseinfo/4c52c2fcb56c4edbc5717635a1f2384f.pdf,
p005,Guizhou Anda Technology (贵州安达),China,Operating,p005.c4,capacity,CAM,240000,,2025-11-11,construction,company,LFP,commercial,,,,,,,Y,,High,,"Filing 2025-112: '在建项目有24万吨/年磷酸铁锂项目' — 240,000 t/y LFP under construction (2027 target ~350 kt total per IR). The separate 450 kt/y PRECURSOR project (phase 1 300 kt, completion slipped Jun→Oct 2026) is FePO4 and not counted here.",primary,BSE / CNINFO (Qixin mirror),filed IR activity record,2025-11-11,https://qxb-pdf-osscache.qixin.com/AnBaseinfo/4c52c2fcb56c4edbc5717635a1f2384f.pdf,1,s_anda_ir112,https://qxb-pdf-osscache.qixin.com/AnBaseinfo/4c52c2fcb56c4edbc5717635a1f2384f.pdf,
p005,Guizhou Anda Technology (贵州安达),China,Operating,p005.c5,shipments,CAM,111100,,2025,reported,company,LFP,commercial,,,,,,,,,Low,"market observation, not nameplate","FY2025 (via 10jqka quoting the AR): LFP sales 11.11万吨, +150% YoY; revenue +131%; Q1-2026 returned to profit after 12 loss-making quarters.",trade,10jqka (quoting FY2025 AR),trade press,2026-04-29,https://news.10jqka.com.cn/20260429/c676383927.shtml,1,s_anda_ar25,https://news.10jqka.com.cn/20260429/c676383927.shtml,
p006,Fulin Precision / Jiangxi Shenghua (富临精工·升华),China,Operating,p006.c1,capacity,CAM,300000,,,reported,company,LFP,commercial,,,,p006.c3,,,,,Low,"superseded by p006.c3 — shown for history, counts toward no total; row-level seed source — figure-level re-sourcing pending; no vintage stated in seed",~300 kt (high-tap-density LFP); seed source is a build announcement,trade,Yicai Global,trade press,,https://www.yicaiglobal.com/news/catl-backed-shenghua-to-build-two-high-tap-density-lfp-plants-for-usd8448-million,1,s053,https://www.yicaiglobal.com/news/catl-backed-shenghua-to-build-two-high-tap-density-lfp-plants-for-usd8448-million,
p006,Fulin Precision / Jiangxi Shenghua (富临精工·升华),China,Operating,p006.c2,output,CAM,128000,,2024,reported,company,LFP,commercial,,,,,,,,,Low,"row-level seed source — figure-level re-sourcing pending; market observation, not nameplate",128 kt produced 2024,trade,Yicai Global,trade press,,https://www.yicaiglobal.com/news/catl-backed-shenghua-to-build-two-high-tap-density-lfp-plants-for-usd8448-million,1,s053,https://www.yicaiglobal.com/news/catl-backed-shenghua-to-build-two-high-tap-density-lfp-plants-for-usd8448-million,
p006,Fulin Precision / Jiangxi Shenghua (富临精工·升华),China,Operating,p006.c3,capacity,CAM,300000,,2026-04,built,company,LFP,commercial,,,p006.c1,,,Y,,,High,,"FY2025 AR: '江西升华现有高压实密度磷酸铁锂正极材料产能 30 万吨' — 300,000 t/y existing. Source upgraded trade→filing, value unchanged.",primary,SZSE (Sina mirror),annual report,2026-04-29,http://file.finance.sina.com.cn/211.154.219.97:9494/MRGG/CNSESZ_STOCK/2026/2026-4/2026-04-29/12268128.PDF,1,s_fulin_ar25,http://file.finance.sina.com.cn/211.154.219.97:9494/MRGG/CNSESZ_STOCK/2026/2026-4/2026-04-29/12268128.PDF,
p006,Fulin Precision / Jiangxi Shenghua (富临精工·升华),China,Operating,p006.c4,shipments,CAM,273828,,2025,reported,company,LFP,commercial,,,,,,,,,High,"market observation, not nameplate","FY2025 AR: 销售量 273,827.64 t (+117.06%); 生产量 273,795.32 t. The seed's 128 kt output-2024 figure matches the AR's 2024 comparative (128,239.75 t).",primary,SZSE (Sina mirror),annual report,2026-04-29,http://file.finance.sina.com.cn/211.154.219.97:9494/MRGG/CNSESZ_STOCK/2026/2026-4/2026-04-29/12268128.PDF,1,s_fulin_ar25,http://file.finance.sina.com.cn/211.154.219.97:9494/MRGG/CNSESZ_STOCK/2026/2026-4/2026-04-29/12268128.PDF,
p006,Fulin Precision / Jiangxi Shenghua (富临精工·升华),China,Operating,p006.c5,capacity,CAM,350000,,2026-04-29,planned,site,LFP,commercial,,,,,,,Y,,High,,"AR summary: 350,000 t/y new high-compaction LFP project, Deyang–Aba park. A further '年产50万吨高端储能用磷酸铁锂' is 'being advanced' with unclear overlap — noted, not counted.",primary,SZSE (Sina mirror),annual report summary,2026-04-29,http://file.finance.sina.com.cn/211.154.219.97:9494/MRGG/CNSESZ_STOCK/2026/2026-4/2026-04-29/12268129.PDF,1,s_fulin_sum25,http://file.finance.sina.com.cn/211.154.219.97:9494/MRGG/CNSESZ_STOCK/2026/2026-4/2026-04-29/12268129.PDF,
p006,Fulin Precision / Jiangxi Shenghua (富临精工·升华),China,Operating,p006.c6,capacity,CAM,175000,,2026-04-29,planned,site,LFP,commercial,,,,,,,Y,,High,,"AR summary: JV with Deyang Chuanfa Longmang — phase-1 175,000 t/y LFP project.",primary,SZSE (Sina mirror),annual report summary,2026-04-29,http://file.finance.sina.com.cn/211.154.219.97:9494/MRGG/CNSESZ_STOCK/2026/2026-4/2026-04-29/12268129.PDF,1,s_fulin_sum25,http://file.finance.sina.com.cn/211.154.219.97:9494/MRGG/CNSESZ_STOCK/2026/2026-4/2026-04-29/12268129.PDF,
p007,Rongtong Hi-Tech (融通高科),China,Operating,p007.c1,capacity,CAM,100000,,,reported,company,LFP,commercial,,,,p007.c2,,,,,Low,"superseded by p007.c2 — shown for history, counts toward no total; row-level seed source — figure-level re-sourcing pending; no vintage stated in seed; range — lower bound recorded",~100–145 kt — range; LOWER bound recorded; rank 10th 2024,trade,SMM (Shanghai Metals Market),trade press,,https://news.metal.com/newscontent/102781565,1,s054,https://news.metal.com/newscontent/102781565,
p007,Rongtong Hi-Tech (融通高科),China,Operating,p007.c2,capacity,CAM,300000,,2026-07,reported,company,LFP,commercial,,,p007.c1,p007.c4,,,,,Low,"superseded by p007.c4 — shown for history, counts toward no total","Historical v0.3 claim: the H1-2026 producer review reported ~300,000 t/y built/deployed within a 525,000 t/y planned total that explicitly includes LMFP. It superseded the seed's 100–145k range but was initially tagged LFP; p007.c4 corrects that chemistry scope. No filing-tier confirmation was accessible.",trade,起点锂电 via Sina Finance,trade press,2026-07-06,https://finance.sina.com.cn/wm/2026-07-06/doc-inifxatp1743108.shtml,1,s_rt_h1_26,https://finance.sina.com.cn/wm/2026-07-06/doc-inifxatp1743108.shtml,
p007,Rongtong Hi-Tech (融通高科),China,Operating,p007.c3,capacity,CAM,80000,,2025-01-17,construction,site,LFP,commercial,,,,,2026,,Y,,Low,,"India JV with Reliance (see p061): phase-1 80,000 t/y LFP plant, mass production was expected in March 2026 but remained unconfirmed at the August-2026 dataset date.",trade,SMM,trade press,2025-01-17,https://news.smm.cn/news/103144053,1,s_rt_india,https://news.smm.cn/news/103144053,
p007,Rongtong Hi-Tech (融通高科),China,Operating,p007.c4,capacity,CAM,300000,约30万吨/年,2026-07-06,reported,company,L(M)FP-unsplit,commercial,,,p007.c2,p007.c5,,,,,Low,"superseded by p007.c5 — shown for history, counts toward no total; stated as a floor","SPIR/起点锂电: '含磷酸锰铁锂品类在内，公司磷酸铁锂整体规划产能52.5万吨/年，当前已建成落地产能约30万吨/年' — approximately 300,000 t/y built/deployed across an unsplit LFP + LMFP company total. SPIR remained the only accessible source for the exact number. v0.3.5 supersedes this opaque aggregate with a smaller primary-evidenced site floor; the trade claim remains visible as correction history.",trade,起点锂电 via Sina Finance,trade press,2026-07-06,https://finance.sina.com.cn/wm/2026-07-06/doc-inifxatp1743108.shtml,4,s_rt_h1_26; s_rt_itdcw; s_rt_india; s_rt_top10exit,https://finance.sina.com.cn/wm/2026-07-06/doc-inifxatp1743108.shtml; https://www.itdcw.com/news/chuangtouyanjiu/0209153M62026.html; https://news.smm.cn/news/103144053; https://finance.sina.com.cn/roll/2026-01-30/doc-inhkakfm3646531.shtml,"s_rt_h1_26: Exact ~300,000 t/y built/deployed company-total figure; s_rt_itdcw: Financing, headquarters and three-base profile context; does not restate 300,000 t/y; s_rt_india: Company/base and India-JV context; does not restate 300,000 t/y; s_rt_top10exit: 2025 shipment-ranking conflict; not capacity evidence"
p007,Rongtong Hi-Tech (融通高科),China,Operating,p007.c5,capacity,CAM,180000,10 + 8 万吨/年 evidenced site floor,2026-02,built,company,LFP,commercial,,,p007.c4,,,Y,,,High,"stated as a floor; evidenced site floor — exact site components only; excluded sites and conflicting totals do not count; one or more site components are arithmetic differences with operands disclosed; nameplate capacity, not actual output","Evidenced site floor, not a company-total estimate: 100,000 t/y at Jiangyou is transparently derived from the latest detailed government account (200,000 t/y expected total minus the 100,000 t/y workshop still under construction), while Neijiang phase one is directly stated at 80,000 t/y and was reported in normal mass production. The floor excludes Daye, the unconfirmed Jiangyou 40,000 t/y LMFP project, Neijiang capacity beyond phase one, Tongling precursor, and any residual implied by SPIR's superseded ~300,000 t/y trade claim. Nameplate is not actual output.",primary,Jiangyou Industry and Information Technology Bureau,official production report,2026-02-06,http://www.jiangyou.gov.cn/jysrmzf/BMDT/202602/d81e11c28d7f4652bbd56a61deea4983.shtml,8,s_rt_jy_orders_2026; s_rt_nj_phase1_80k; s_rt_nj_phase1_production; s_rt_jy_resume_2026; s_rt_nj_digital_2025; s_rt_jy_150k_eia; s_rt_jy_formed_150k; s_rt_nj_200k_eia,http://www.jiangyou.gov.cn/jysrmzf/BMDT/202602/d81e11c28d7f4652bbd56a61deea4983.shtml; https://www.neijiang.gov.cn/njs/xmjsqk/202304/ae503e5aa90c438aa8d2254b8346b41b.shtml; https://www.neijiang.gov.cn/njs/xmjsqk/202310/8e8f9c99aab643369f7a684379d25a43.shtml; http://www.jiangyou.gov.cn/jysrmzf/c104308/202602/a58011ad050e418fa2ed22c7ac4db8d8.shtml; https://www.neijiang.gov.cn/njs/bmdt/202502/6aeed2711e0a4f91a161ed1f868d51d9.shtml; https://sthjj.my.gov.cn/myssthjj/c100964/202207/2b948b11a18443829d9df17187efd0e3.shtml; http://www.jiangyou.gov.cn/jysrmzf/c104359/202410/b02b5bec7f314a2c9bb068b1808ba2b1.shtml; https://www.neijiang.gov.cn/sthjj/zfxxgk/zhengc/qtwj/202304/fdd6639ed3634560b324341e0df9a45f.shtml,"s_rt_jy_orders_2026: Jiangyou operating-floor arithmetic: 200,000 t/y expected total less 100,000 t/y still under construction; 16 existing lines fully operating; s_rt_nj_phase1_80k: Exact Neijiang phase-one component: 80,000 t/y LFP; the separate 40,000 t/y FePO4 line is excluded; s_rt_nj_phase1_production: Primary confirmation that Neijiang phase one entered normal mass production; does not expand the 80,000 t/y component; s_rt_jy_resume_2026: Fresh Jiangyou operating-status evidence; does not restate nameplate; s_rt_nj_digital_2025: Fresh Neijiang producer-activity evidence; does not restate nameplate or output; s_rt_jy_150k_eia: Original 150,000 t/y Jiangyou project design; approval evidence only, not built-capacity proof; s_rt_jy_formed_150k: Conflicting general 2025 Jiangyou statement; excluded in favour of the later detailed 100,000 + 100,000 t/y account; s_rt_nj_200k_eia: Overlapping approved Neijiang plan (160,000 LFP + 40,000 LMFP); excluded beyond the proven 80,000 t/y operating phase"
p007,Rongtong Hi-Tech (融通高科),China,Operating,p007.c6,capacity,CAM,100000,10万吨/年,2026-02-06,construction,site,LFP,commercial,,,,,2026,,Y,,High,,"Jiangyou workshop 105's 16 lines were under construction and were expected to add 100,000 t/y, taking the site to 200,000 t/y. On commissioning, this addition must move from pipeline to operating rather than be added on top of a 200,000 t/y site total.",primary,Jiangyou Industry and Information Technology Bureau,official production report,2026-02-06,http://www.jiangyou.gov.cn/jysrmzf/BMDT/202602/d81e11c28d7f4652bbd56a61deea4983.shtml,1,s_rt_jy_orders_2026,http://www.jiangyou.gov.cn/jysrmzf/BMDT/202602/d81e11c28d7f4652bbd56a61deea4983.shtml,
p007,Rongtong Hi-Tech (融通高科),China,Operating,p007.c7,capacity,CAM,150000,15万吨/年,2025-09-25,reported,site,LFP,commercial,,,,,,,,,High,stated as a floor,"Conflict record: a general Jiangyou government profile states 150,000 t/y of LFP capacity had been formed. It is excluded from totals because the later, more detailed February-2026 report identifies 16 operating lines and a separate 100,000 t/y workshop under construction, implying a 100,000 t/y current operating floor.",primary,Jiangyou People's Government,official investment-environment profile,2025-09-25,http://www.jiangyou.gov.cn/jysrmzf/c104359/202410/b02b5bec7f314a2c9bb068b1808ba2b1.shtml,1,s_rt_jy_formed_150k,http://www.jiangyou.gov.cn/jysrmzf/c104359/202410/b02b5bec7f314a2c9bb068b1808ba2b1.shtml,
p008,Pulead Technology / Beida Pioneer (北大先行),China,Operating,p008.c1,qualitative,CAM,,,2024,reported,company,LFP,commercial,,,,,,,,,Low,,Entered top-10 in 2024; early LFP maker (est. 1999); no figure in seed,trade,EnergyTrend (TrendForce),trade press,2023-06-28,https://www.energytrend.com/news/20230628-32610.html,1,s055,https://www.energytrend.com/news/20230628-32610.html,
p008,Pulead Technology / Beida Pioneer (北大先行),China,Operating,p008.c2,capacity,CAM,185000,,2023-06,built,company,LFP,commercial,,,,,,Y,,,High,"durable nameplate — exact primary components; current operation corroborated separately; nameplate capacity, not actual output","Two Western Mining SSE filings state and independently reconstruct 185,000 t/y as 25,000 t/y legacy capacity plus a 160,000 t/y phase-1 line that entered trial feed-in production in May 2023. EVTank's 2025 top-10 list and SPIR's H1-2026 #11 ranking confirm current commercial activity but do not restate the exact capacity. This is durable built nameplate, not actual output; the filing's valuation model projected a multi-year ramp from 40,000 t in 2023 toward about 135,000 t in 2027. The separate 140,000 t/y phase 2 remains planned only.",mixed,SSE announcement by 西部矿业 (Eastmoney mirror),exchange announcement,2023-06-14,https://pdf.dfcfw.com/pdf/H2_AN202306141590945065_1.pdf,4,s_pulead_wm; s_pulead_inquiry; s_rt_top10exit; s_rt_h1_26,https://pdf.dfcfw.com/pdf/H2_AN202306141590945065_1.pdf; https://static.cninfo.com.cn/finalpage/2023-06-21/1217106434.PDF; https://finance.sina.com.cn/roll/2026-01-30/doc-inhkakfm3646531.shtml; https://finance.sina.com.cn/wm/2026-07-06/doc-inifxatp1743108.shtml,"s_pulead_wm: Exact 185,000 t/y nameplate statement; s_pulead_inquiry: Independent 25,000 + 160,000 t/y reconstruction and trial-production disclosure; s_rt_top10exit: 2025 top-10 shipment status; does not restate capacity; s_rt_h1_26: H1-2026 #11 shipment status; does not restate capacity"
p008,Pulead Technology / Beida Pioneer (北大先行),China,Operating,p008.c3,capacity,CAM,140000,,2023-06-14,planned,company,LFP,commercial,,,,,,,Y,,High,,"Same filing: phase-2 140,000 t/y LFP planned.",primary,SSE announcement by 西部矿业 (Eastmoney mirror),exchange announcement,2023-06-14,https://pdf.dfcfw.com/pdf/H2_AN202306141590945065_1.pdf,1,s_pulead_wm,https://pdf.dfcfw.com/pdf/H2_AN202306141590945065_1.pdf,
p009,Beijing Easpring / Dangsheng (当升科技),China,Operating,p009.c1,capacity,CAM,300000,,,announced,company,L(M)FP-unsplit,commercial,,,,p009.c2,,,,,Low,"superseded by p009.c2 — shown for history, counts toward no total; row-level seed source — figure-level re-sourcing pending; no vintage stated in seed",300 kt L(M)FP JV with Sichuan Shudao — announced; a 'first-four' LMFP investor,company,www.easpring.com.cn,company website,,http://www.easpring.com.cn/english/,1,s056,http://www.easpring.com.cn/english/,
p009,Beijing Easpring / Dangsheng (当升科技),China,Operating,p009.c2,capacity,CAM,120000,,2026-03,built,company,L(M)FP-unsplit,commercial,,,p009.c1,,,Y,,,High,,"FY2025 AR: '攀枝花基地…首期项目年产12万吨磷酸（锰）铁锂材料主体产线已建成投产'. Chemistry filed as 磷酸（锰）铁锂 — unsplit, headline band only. Supersedes the seed's 300k 'announced' aggregate (which bundled built + planned).",primary,SZSE / CNINFO,annual report,2026-03-31,http://static.cninfo.com.cn/finalpage/2026-03-31/1225057127.PDF,1,s_easpring_ar25,http://static.cninfo.com.cn/finalpage/2026-03-31/1225057127.PDF,
p009,Beijing Easpring / Dangsheng (当升科技),China,Operating,p009.c3,capacity,CAM,180000,,2022-12-02,planned,company,L(M)FP-unsplit,commercial,,,,,2028,,Y,,High,,"Remainder of the 300,000 t/y Shudao cooperation agreement (2022-070; completion/ramp by 2028-12-31, pace adjusted to market; long-term +200 kt more not counted). Start of the remaining 180 kt not yet observed in filings.",primary,SZSE (Sina mirror),exchange announcement,2022-12-02,http://file.finance.sina.com.cn/211.154.219.97:9494/MRGG/CNSESZ_STOCK/2022/2022-12/2022-12-02/8704379.PDF,1,s_easpring_jv22,http://file.finance.sina.com.cn/211.154.219.97:9494/MRGG/CNSESZ_STOCK/2022/2022-12/2022-12-02/8704379.PDF,
p009,Beijing Easpring / Dangsheng (当升科技),China,Operating,p009.c4,capacity,CAM,150000,,2026-04-16,planned,site,LFP,commercial,,,,,,,Y,,High,,"Kunming (Anning Industrial Park, Caopu) 150,000 t/y LFP line — announcement 2026-021 with the Youshan-affiliate stake purchases; ~RMB 4.49bn project investment, 14-month build.",primary,SZSE,exchange announcement,2026-04-16,https://disc.static.szse.cn/download/disc/disk03/finalpage/2026-04-16/a5102dab-4910-44a7-bc53-3887f6f73290.PDF,1,s_easpring_km,https://disc.static.szse.cn/download/disc/disk03/finalpage/2026-04-16/a5102dab-4910-44a7-bc53-3887f6f73290.PDF,
p009,Beijing Easpring / Dangsheng (当升科技),China,Operating,p009.c5,capacity,FePO4,200000,,2026-04-16,planned,site,FePO4,commercial,,,,,,,,,High,,"Same announcement: 200,000 t/y high-performance iron-phosphate precursor project (planned — not in the built-precursor stat).",primary,SZSE,exchange announcement,2026-04-16,https://disc.static.szse.cn/download/disc/disk03/finalpage/2026-04-16/a5102dab-4910-44a7-bc53-3887f6f73290.PDF,1,s_easpring_km,https://disc.static.szse.cn/download/disc/disk03/finalpage/2026-04-16/a5102dab-4910-44a7-bc53-3887f6f73290.PDF,
p010,Ronbay Technology (容百科技),China,Operating,p010.c1,capacity,CAM,20000,,,reported,site,LMFP,commercial,,,,p010.c3,,,,,Low,"superseded by p010.c3 — shown for history, counts toward no total; row-level seed source — figure-level re-sourcing pending; no vintage stated in seed","Korea plant, 20 kt LMFP",weak,Wikipedia,encyclopedia,,https://en.wikipedia.org/wiki/Ronbay_Technology,1,s057,https://en.wikipedia.org/wiki/Ronbay_Technology,
p010,Ronbay Technology (容百科技),China,Operating,p010.c2,share,CAM,,,2025-H1,reported,company,LMFP,commercial,,,,,,,,,Low,,LMFP co-leader — ~80% of H1-2025 LMFP shipments jointly with Hengchuang; no absolute base disclosed,weak,Wikipedia,encyclopedia,,https://en.wikipedia.org/wiki/Ronbay_Technology,1,s057,https://en.wikipedia.org/wiki/Ronbay_Technology,
p010,Ronbay Technology (容百科技),China,Operating,p010.c3,capacity,CAM,20000,,2023-08-21,construction,site,LMFP,commercial,,,p010.c1,,2026,,Y,,High,,"Filing 2023-064: Chungju 20,000 t/y LMFP project (≤RMB 642m), originally trial production H1-2025; company statement Dec-2024: '韩国2万吨产能建设已完成论证，预计2026年实现量产'. FY2024/FY2025 ARs list Korea capacity as ternary only — the LMFP line is NOT confirmed built. Moved from operating to pipeline.",primary,SSE STAR,exchange announcement,2023-08-21,https://star.sse.com.cn/disclosure/listedinfo/announcement/c/new/2023-08-21/688005_20230821_E050.pdf,1,s_ronbay_kr,https://star.sse.com.cn/disclosure/listedinfo/announcement/c/new/2023-08-21/688005_20230821_E050.pdf,
p010,Ronbay Technology (容百科技),China,Operating,p010.c4,capacity,CAM,10000,,2024-12,built,company,LMFP,commercial,,,,,,Y,,,Low,,"'国内磷酸锰铁锂固相1万吨产能项目已建设完成' — domestic 10,000 t/y solid-phase LMFP complete (company statement via CLS). FY2025 AR: LMFP 满产满销, sales doubled third year running — no nameplate stated.",trade,财联社 (company investor-platform reply),trade press,2024-12-12,https://m.cls.cn/detail/1887173,1,s_ronbay_cls,https://m.cls.cn/detail/1887173,
p011,XTC New Energy / Xiamen Tungsten (厦钨新能),China,Operating,p011.c1,capacity,CAM,80000,,,planned,site,L(M)FP-unsplit,commercial,,,,p011.c2,,,,,Low,"superseded by p011.c2 — shown for history, counts toward no total; row-level seed source — figure-level re-sourcing pending; no vintage stated in seed",Ya'an LFP/LMFP project ~80 kt planned,weak,CB Insights,company profile,,https://www.cbinsights.com/company/xtc-new-energy,1,s058,https://www.cbinsights.com/company/xtc-new-energy,
p011,XTC New Energy / Xiamen Tungsten (厦钨新能),China,Operating,p011.c2,capacity,CAM,40000,,2026-04,built,company,LFP,commercial,,,p011.c1,,,Y,,,High,,"Existing Ya'an L(M)FP capacity = 40,000 t/y, stated via the 2026-013 announcement ('建成后…产能将达到 80,000 吨/年' after the NEW 40,000 t line — arithmetic on the filing's own figures). FY2025 AR: liquid-phase LFP ph-1 in volume production/sales, ph-2 equipment installed and commissioning. Supersedes the weak-tier seed figure.",primary,SSE STAR / CNINFO,exchange announcement,2026-04-23,https://static.cninfo.com.cn/finalpage/2026-04-23/1225146636.PDF,1,s_xtc_ann013,https://static.cninfo.com.cn/finalpage/2026-04-23/1225146636.PDF,
p011,XTC New Energy / Xiamen Tungsten (厦钨新能),China,Operating,p011.c3,capacity,CAM,40000,,2026-04-23,planned,site,LMFP,commercial,,,,,2028-06,,Y,,High,,"NEW 40,000 t/y 磷酸铁（锰）锂 (LFMP) line, Ya'an EDZ: capital increase RMB 700m, total ~RMB 734m, 25-month build, production planned June 2028.",primary,SSE STAR / CNINFO,exchange announcement,2026-04-23,https://static.cninfo.com.cn/finalpage/2026-04-23/1225146636.PDF,1,s_xtc_ann013,https://static.cninfo.com.cn/finalpage/2026-04-23/1225146636.PDF,
p011,XTC New Energy / Xiamen Tungsten (厦钨新能),China,Operating,p011.c4,shipments,CAM,22000,,2025,reported,company,LFP,commercial,,,,,,,,,High,"market observation, not nameplate","FY2025 AR: LFP sales 2.20万吨, +2,170.77% YoY.",primary,SSE (Sina mirror),annual report,2026-04-23,http://file.finance.sina.com.cn/211.154.219.97:9494/MRGG/CNSESH_STOCK/2026/2026-4/2026-04-23/12142192.PDF,1,s_xtc_ar25,http://file.finance.sina.com.cn/211.154.219.97:9494/MRGG/CNSESH_STOCK/2026/2026-4/2026-04-23/12142192.PDF,
p012,Gotion High-tech (国轩高科),China,Operating,p012.c1,capacity,CAM,50000,,,built,company,LFP,commercial,,,,p012.c3,,,,,Low,"superseded by p012.c3 — shown for history, counts toward no total; row-level seed source — figure-level re-sourcing pending; no vintage stated in seed",own CAM 50 kt (Hefei/Lujiang); in-house since 2007,trade,electrive,trade press,2022-06-09,https://www.electrive.com/2022/06/09/gotion-launches-production-of-lfp-cathode-materials/,1,s059,https://www.electrive.com/2022/06/09/gotion-launches-production-of-lfp-cathode-materials/,
p012,Gotion High-tech (国轩高科),China,Operating,p012.c2,capacity,CAM,200000,,,target,company,LFP,commercial,,,,p012.c4,,,,,Low,"superseded by p012.c4 — shown for history, counts toward no total; row-level seed source — figure-level re-sourcing pending; no vintage stated in seed; company target — counts toward no total",expansion target 200 kt; LMFP in Astroinno L600,trade,electrive,trade press,2022-06-09,https://www.electrive.com/2022/06/09/gotion-launches-production-of-lfp-cathode-materials/,1,s059,https://www.electrive.com/2022/06/09/gotion-launches-production-of-lfp-cathode-materials/,
p012,Gotion High-tech (国轩高科),China,Operating,p012.c3,capacity,CAM,142000,,2024-11,reported,company,LFP,commercial,,,p012.c1,p012.c5,,,,,Low,"superseded by p012.c5 — shown for history, counts toward no total","Historical v0.2 record: the trade article reports 142,000 t/y, but this record incorrectly attributed that arithmetic to the quoted investor-platform reply. The reply only confirms full self-supply. Superseded by p012.c5's transparent 42,000 + 100,000 t/y component sum.",trade,碳索储能网,trade press,2024-11-26,https://cn.solarbe.com/news/20241126/91516.html,1,s_gotion_142k,https://cn.solarbe.com/news/20241126/91516.html,
p012,Gotion High-tech (国轩高科),China,Operating,p012.c4,capacity,CAM,200000,,2026-01-07,construction,company,LFP,commercial,,,p012.c2,,,,Y,,Low,,"200,000 t/y 4th-generation LFP CAM project construction formally started 2026-01-06 (Lujiang). Supersedes the seed's 200k 'target' — now under construction. Unclear whether identical to Kehong's earlier planned 200k or incremental.",trade,中国粉体网,trade press,2026-01-07,https://news.cnpowder.com.cn/87285.html,1,s_gotion_200k,https://news.cnpowder.com.cn/87285.html,
p012,Gotion High-tech (国轩高科),China,Operating,p012.c5,capacity,CAM,142000,,2024-11,reported,site,LFP,commercial,,,p012.c3,,,Y,,,Medium,derived component sum — all component sources listed,"Transparent component sum: 42,000 t/y at the legacy Lujiang materials base plus 100,000 t/y at Gotion Kehong (50,000 t/y phase 1 + 50,000 t/y phase 2). A Nov-2024 trade article independently reports the same 142,000 t/y total. Its quoted investor-platform reply confirms full self-supply, not the arithmetic; p012.c3's attribution is superseded. The separate 200,000 t/y four-phase plan remains pipeline only.",mixed,碳索储能网,trade press,2024-11-26,https://cn.solarbe.com/news/20241126/91516.html,4,s_gotion_142k; s_gotion_42k_recruitment; s_gotion_42k_field_visit; s_gotion_kehong_100k,https://cn.solarbe.com/news/20241126/91516.html; https://jy.slu.edu.cn/2022/0913/c556a39698/page.htm; http://www.ahmba.com/m/info/298; https://www.gotion.com.cn/newsInfo/351,
p013,Chongqing Terui (重庆特瑞),China,Operating,p013.c1,capacity,CAM,60000,,,reported,company,LFP,commercial,,,,p013.c2,,,,,Low,"superseded by p013.c2 — shown for history, counts toward no total; row-level seed source — figure-level re-sourcing pending; no vintage stated in seed",~60 kt (48 lines); top-10,company,en.cqterui.cn,company website,,http://en.cqterui.cn/company_1.html,1,s060,http://en.cqterui.cn/company_1.html,
p013,Chongqing Terui (重庆特瑞),China,Operating,p013.c2,capacity,CAM,100000,,2023-02,built,company,LFP,commercial,,,p013.c1,p013.c3,,,,,High,"superseded by p013.c3 — shown for history, counts toward no total; derived component sum — all component sources listed","Primary filings establish 100,000 t/y built/design nameplate as 40,000 t/y operating in August 2022 plus an additional 60,000 t/y confirmed commissioned by February 2023. The merger termination is not evidence against the build: the listed-company announcement says the sellers sought revised valuation and performance terms because the new capacity was operating and results were better than expected. No post-2023 source confirms current utilization or output. Last disclosed output was 6,711 t (2020) and 11,489 t (2021), so 100,000 t/y must not be read as current production.",mixed,SSE inquiry reply (证券日报 print of 万里股份 disclosure),exchange inquiry reply,2022-08-18,http://epaper.zqrb.cn/images/2022-08/18/D49/zqrb20220818D49.pdf,3,s_terui_reply; s_terui_termination; s_terui_yicai,http://epaper.zqrb.cn/images/2022-08/18/D49/zqrb20220818D49.pdf; https://static.cninfo.com.cn/finalpage/2023-02-21/1215908341.PDF; https://m.yicai.com/news/101681021.html,"s_terui_reply: 40,000 t/y operating plus 60,000 t/y under construction; 100,000 t/y design; s_terui_termination: Primary confirmation that the additional 60,000 t/y had entered production; s_terui_yicai: Independent report quoting the commissioning and merger-termination disclosure"
p013,Chongqing Terui (重庆特瑞),China,Operating,p013.c3,capacity,CAM,100000,,2023-02,built,company,LFP,commercial,,,p013.c2,,,Y,,,High,derived component sum — all component sources listed,"Primary filings establish the historical 100,000 t/y built nameplate as 40,000 + 60,000 t/y, and the official Zhongxian design notice resolves the project entity/site. Fresh county records show that the Zhongxian enterprise continued to employ manufacturing staff, undertake green/intelligent retrofits and carbon reporting, and add battery R&D activity in 2025-2026. Those records do not confirm current LFP production, output or utilization, so they are labelled as context and do not upgrade the capacity grade.",primary,SSE inquiry reply (证券日报 print of 万里股份 disclosure),exchange inquiry reply,2022-08-18,http://epaper.zqrb.cn/images/2022-08/18/D49/zqrb20220818D49.pdf,6,s_terui_reply; s_terui_termination; s_terui_zhongxian_design_2021; s_terui_zhongxian_env_2025; s_terui_zhongxian_jobs_2025; s_terui_zhongxian_innovation_2026,http://epaper.zqrb.cn/images/2022-08/18/D49/zqrb20220818D49.pdf; https://static.cninfo.com.cn/finalpage/2023-02-21/1215908341.PDF; http://www.zhongxian.gov.cn/bm/zxghzrzyj/gggsghzrzyj/202111/t20211110_9944371.html; http://www.zhongxian.gov.cn/bm/zxsthjj/gggssthjj/202504/t20250408_14499684.html; http://www.zhongxian.gov.cn/bm/zxrlsbj/zwgk_34581/jczwgk_132522/jycyly/gxbysjyfw/jyjxbtsl/qtxxgk/202511/t20251104_15138070.html; http://www.zhongxian.gov.cn/bm/zxjjxxw/gsggjjxxw/202607/t20260729_15869332.html,"s_terui_reply: Exact historical component evidence: 40,000 t/y operating plus 60,000 t/y under construction; s_terui_termination: Primary confirmation that the additional 60,000 t/y had entered production by February 2023; s_terui_zhongxian_design_2021: Official entity/site record for the Zhongxian 100,000 t/y project; design evidence only; s_terui_zhongxian_env_2025: Recent industrial-activity context; does not confirm LFP production or restate capacity; s_terui_zhongxian_jobs_2025: Recent manufacturing-employment context; does not confirm line utilization; s_terui_zhongxian_innovation_2026: Current enterprise/R&D context; does not confirm cathode production"
p014,Wanhua Chemical (万华化学),China,Announced,p014.c1,capacity,CAM,120000,,,announced,site,LFP,commercial,,,,,,,Y,,Low,row-level seed source — figure-level re-sourcing pending; no vintage stated in seed,Sichuan +120 kt,company,en.whchem.com,company website,,https://en.whchem.com/cmscontent/832.html,1,s061,https://en.whchem.com/cmscontent/832.html,
p014,Wanhua Chemical (万华化学),China,Announced,p014.c2,capacity,CAM,100000,,,announced,site,LFP,commercial,,,,,2026,,Y,,Low,row-level seed source — figure-level re-sourcing pending; no vintage stated in seed,Shandong 100 kt (~2026); IBU-tec Europe JV,company,en.whchem.com,company website,,https://en.whchem.com/cmscontent/832.html,1,s061,https://en.whchem.com/cmscontent/832.html,
p014,Wanhua Chemical (万华化学),China,Announced,p014.c3,capacity,CAM,500000,,2025-02-28,planned,site,LFP,commercial,,,,,2032,,Y,,Low,,"Haiyang (Shandong) base ground broken 2025-02-24 (RMB 16.8bn): 500,000 t/y LFP CAM planned, full production by end-2032. Provincial platform (Mar 2026) lists three Wanhua projects totalling 1.05 Mt planned incl. Laizhou 650k — overlap with this and the seed's Shandong 100k unresolved, so ONLY Haiyang is added. Wanhua acquired Yantai Zhuoneng's cell unit in Apr 2020 (see p021).",trade,Sina Finance,trade press,2025-02-28,https://finance.sina.com.cn/jjxw/2025-02-28/doc-inemzuik9893891.shtml,1,s_wanhua_hy,https://finance.sina.com.cn/jjxw/2025-02-28/doc-inemzuik9893891.shtml,
p015,LB Group / Lomon Billions (龙佰集团),China,Operating,p015.c1,capacity,CAM,200000,,2022,built,company,LFP,commercial,,,,p015.c2,,,,,Medium,"superseded by p015.c2 — shown for history, counts toward no total; row-level seed source — figure-level re-sourcing pending",~200 kt added 2022; TiO2 by-product (ferrous sulfate) integrated,company,www.lomonbillions.com,company website,,https://www.lomonbillions.com/,1,s062,https://www.lomonbillions.com/,
p015,LB Group / Lomon Billions (龙佰集团),China,Operating,p015.c2,capacity,CAM,50000,,2025-12-31,built,company,LFP,commercial,,,p015.c1,,,Y,,,High,,"CORRECTION: FY2025 AR (same wording FY2024): '磷酸铁锂产能 5 万吨/年，磷酸铁产能 10 万吨/年' — LFP is 50,000 t/y, NOT the seed's '~200 kt added 2022' (2021-era ambition, since scaled back: management publicly '已收缩关于磷酸铁、磷酸铁锂的后续投资'). No LFP output/sales disclosed in filings — utilization unconfirmed.",primary,SZSE (10jqka mirror),annual report,2026-04,http://notice.10jqka.com.cn/api/pdf/1a1f729b0db274c2.pdf,1,s_lb_ar25,http://notice.10jqka.com.cn/api/pdf/1a1f729b0db274c2.pdf,
p015,LB Group / Lomon Billions (龙佰集团),China,Operating,p015.c3,capacity,FePO4,100000,,2025-12-31,built,company,FePO4,commercial,,,,,,,,,High,,"FY2025 AR: 100,000 t/y iron phosphate; 2025 output 97,600 t (+72.17%), sales 96,000 t. Phase 3 (100k) of the 200k project in commissioning — not yet nameplate.",primary,SZSE (10jqka mirror),annual report,2026-04,http://notice.10jqka.com.cn/api/pdf/1a1f729b0db274c2.pdf,1,s_lb_ar25,http://notice.10jqka.com.cn/api/pdf/1a1f729b0db274c2.pdf,
p016,CNNC Huayuan Titanium Dioxide (中核钛白),China,Exited / cancelled,p016.c1,capacity,CAM,500000,,,planned,company,LFP,commercial,,,,p016.c2,,,,,Low,"superseded by p016.c2 — shown for history, counts toward no total; row-level seed source — figure-level re-sourcing pending; no vintage stated in seed",500 kt planned in 3 phases (~$1.9 B); acquired Zhaoqing Helin Liye,trade,Yicai Global,trade press,,https://www.yicaiglobal.com/news/china-huayuan-titanium-to-build-usd19-billion-lithium-iron-phosphate-plant,1,s063,https://www.yicaiglobal.com/news/china-huayuan-titanium-to-build-usd19-billion-lithium-iron-phosphate-plant,
p016,CNNC Huayuan Titanium Dioxide (中核钛白),China,Exited / cancelled,p016.c2,capacity,CAM,500000,,2025-06-02,cancelled,company,LFP,commercial,,,p016.c1,,,,,,Low,,"Terminated 2025-06-02 (announcement quoted by 扬子晚报/Sina): '拟终止…年产50万吨磷酸铁项目'. Reason: downstream supply-demand shift, demand growth slowed. Investment-amount conflict across reports (33.85亿 committed vs 38.3亿 total) — both reported, different bases.",trade,扬子晚报 (quoting 2025-06-02 announcement),trade press,2025-06-02,https://www.yzwb.net/news/ch/202506/t20250602_215840.html,1,s_cnnc_term,https://www.yzwb.net/news/ch/202506/t20250602_215840.html,
p016,CNNC Huayuan Titanium Dioxide (中核钛白),China,Exited / cancelled,p016.c3,capacity,FePO4,100000,,2025-06,built,company,FePO4,commercial,,,,,,,,,Low,,'已建成10万吨/年磷酸铁装置并实现销售' — 100 kt/y FePO4 built and selling; 2024 utilization 1.95%.,trade,Sina Finance,trade press,2025-06-04,https://finance.sina.com.cn/roll/2025-06-04/doc-ineyximx0157415.shtml,1,s_cnnc_util,https://finance.sina.com.cn/roll/2025-06-04/doc-ineyximx0157415.shtml,
p017,"Hengchuang Nano (珩创纳米, Jiangsu Hengchuang)",China,Operating,p017.c1,capacity,CAM,130000,,,planned,site,LMFP,commercial,,,,p017.c4,,,,,Low,"superseded by p017.c4 — shown for history, counts toward no total; row-level seed source — figure-level re-sourcing pending; no vintage stated in seed",130 kt planned (Ningxia); bought Dow's LMFP patents,trade,36Kr,trade press,,https://eu.36kr.com/en/p/3746236378202631,1,s064,https://eu.36kr.com/en/p/3746236378202631,
p017,"Hengchuang Nano (珩创纳米, Jiangsu Hengchuang)",China,Operating,p017.c2,share,CAM,,,2025-H1,reported,company,LMFP,commercial,,,,,,,,,Low,,LMFP co-leader ~80% H1-2025 jointly with Ronbay; new entrant 2022,trade,36Kr,trade press,,https://eu.36kr.com/en/p/3746236378202631,1,s064,https://eu.36kr.com/en/p/3746236378202631,
p017,"Hengchuang Nano (珩创纳米, Jiangsu Hengchuang)",China,Operating,p017.c3,capacity,CAM,15000,,2024-04,built,company,LMFP,commercial,,,,,,Y,,,Low,,"Yancheng base: 15,000 t/y LMFP operating ('2024年4月底，年产1万吨产线建成，总产能达1.5万吨'; 'stable operation' May 2025). First 5,000 t line onstream end-2022.",trade,新华日报财经,provincial official media,2026-03-10,https://www.xhby.net/content/s69afe938e4b0a737d394c74c.html,1,s_hc_xhby,https://www.xhby.net/content/s69afe938e4b0a737d394c74c.html,
p017,"Hengchuang Nano (珩创纳米, Jiangsu Hengchuang)",China,Operating,p017.c4,capacity,CAM,30000,,2026-03-27,construction,site,LMFP,commercial,,,p017.c1,,2026-12,,Y,,Low,,"Ningxia (Yinchuan ETDZ) 130 kt/y LMFP plan (RMB 4.8bn, signed 2025-12-26): phase 1 30,000 t/y ground broken 2026-03-26, target Dec 2026. Only the phase under construction counts — supersedes the seed's 130k 'planned' total. CONFLICT: SMM (Dec 2025) had phase 1 = 25k; later sources say 30k.",trade,盖世汽车 (Gasgoo),trade press,2026-03-27,https://i.gasgoo.com/news/70451482.html,1,s_hc_gasgoo,https://i.gasgoo.com/news/70451482.html,
p018,Youshan Technology (优山 — Huayou Cobalt sub.),China,Operating,p018.c1,qualitative,CAM,,,2024,reported,company,LFP,commercial,,,,,,,,,Medium,,EVTank 2024 top-10; no figure in seed,company,LG Corp,company release,2023-09-25,https://www.lgcorp.com/media/release/26808,1,s065,https://www.lgcorp.com/media/release/26808,
p019,Hunan Changyuan Lico (长远锂科),China,Operating,p019.c1,capacity,CAM,20000,,2023,built,company,LFP,commercial,,,,p019.c2,,,,,Low,"superseded by p019.c2 — shown for history, counts toward no total; row-level seed source — figure-level re-sourcing pending; range — lower bound recorded","LFP line since 2023, ~20–30 kt initial — LOWER bound recorded; ternary 120 kt excluded (not LFP)",trade,SMM (Shanghai Metals Market),trade press,,https://news.metal.com/newscontent/102057055,1,s066,https://news.metal.com/newscontent/102057055,
p019,Hunan Changyuan Lico (长远锂科),China,Operating,p019.c2,capacity,CAM,60000,,2026-06-26,construction,company,LFP,commercial,,,p019.c1,,2026,,Y,,High,,"60,000 t/y LFP project '已基本完工' (basically complete — CCXI tracking rating, Jun 2026); experimental-building environmental acceptance May 2025 (H1-2025 filing); H1-2025 LFP sales +217.53% (no absolute volume disclosed). Conservatively kept in the PIPELINE until commissioning is confirmed — supersedes the seed's 20k 'initial line' figure, which no filing restates.",primary,CCXI rating report (Xueqiu mirror),bond-market rating report,2026-06-26,https://stockmc.xueqiu.com/202606/688779_20260627_62Y8.pdf,1,s_wkxn_ccxi,https://stockmc.xueqiu.com/202606/688779_20260627_62Y8.pdf,
p020,Yunnan Yuntianhua (云天化),China,Operating,p020.c1,qualitative,CAM,,,,reported,company,LFP,commercial,,,,,,,,,Medium,,Lists LiFePO4 CAM (CAS 15365-14-7) as a product; phosphate-rock integrated; no figure,company,www.yunnan-yuntianhua.com,company website,,https://www.yunnan-yuntianhua.com/products/fine-chemicals-series/yunnan-yuntianhua-co-ltd-lithium-iron-phosphate-cas-15365-14-7.html,1,s067,https://www.yunnan-yuntianhua.com/products/fine-chemicals-series/yunnan-yuntianhua-co-ltd-lithium-iron-phosphate-cas-15365-14-7.html,
p020,Yunnan Yuntianhua (云天化),China,Operating,p020.c2,capacity,FePO4,100000,,2025-12-31,built,company,FePO4,commercial,,,,,,,,,High,,"FY2025 AR: 100,000 t/y iron phosphate (continuous-process retrofit completed); 2025 output 70,800 t. The AR discloses NO owned LFP CAM capacity — LFP integration runs through cross-shareholding partners ('与合作方以交叉持股的方式实现磷酸铁和磷酸铁锂上下游一体化运营'). The seed's product-page LFP listing stands, but no capacity is bookable.",primary,SSE (Xueqiu mirror),annual report,2026-03-24,https://stockmc.xueqiu.com/202603/600096_20260324_43PU.pdf,1,s_ytn_ar25,https://stockmc.xueqiu.com/202603/600096_20260324_43PU.pdf,
p021,Yantai Zhuoneng (烟台卓能),China,Uncertain / limited,p021.c1,qualitative,CAM,,,,reported,company,LFP,commercial,,,,,,,,,High,,Cost-focused ESS/grid LFP; cited in peer-reviewed review; no figure,primary,Springer / MRS Communications,peer-reviewed review,,https://link.springer.com/article/10.1557/s43579-024-00644-2,1,s068,https://link.springer.com/article/10.1557/s43579-024-00644-2,
p021,Yantai Zhuoneng (烟台卓能),China,Uncertain / limited,p021.c2,qualitative,CAM,,,2015-11-09,historic,company,LFP,commercial,,,,,,,,,High,,NEEQ listing legal opinion (2015): 800 t/y LFP project environmental acceptance 2010-11-25 — the only filing-tier capacity ever documented. No post-2019 disclosure found.,primary,NEEQ listing document (Eastmoney mirror),legal opinion (listing),2015-11-09,http://pdf.dfcfw.com/pdf/H2_AN201511090011336891_1.pdf,1,s_zn_neeq,http://pdf.dfcfw.com/pdf/H2_AN201511090011336891_1.pdf,
p022,BTR New Material (贝特瑞),China,Exited / cancelled,p022.c1,qualitative,CAM,,,2022,historic,company,LFP,commercial,,,,,,,,,Medium,,Sold Tianjin & Jiangsu LFP business to Lopal (2022); now #1 anode maker,company,www.btrchina.com,company website,,https://www.btrchina.com/en/,1,s069,https://www.btrchina.com/en/,
p024,CNGR Advanced Material (中伟股份),China,Precursor only,p024.c1,capacity,FePO4,200000,,,reported,company,FePO4,commercial,,,,,,,,,Low,row-level seed source — figure-level re-sourcing pending; no vintage stated in seed,iron-phosphate precursor ~200 kt; finished LFP CAM only in customer qualification,company,www.cngrgf.com.cn,company website,,https://www.cngrgf.com.cn/en-US/rrtbl.html,1,s071,https://www.cngrgf.com.cn/en-US/rrtbl.html,
p025,Guizhou Chuanheng (川恒股份),China,Precursor only,p025.c1,qualitative,FePO4,,,,reported,company,FePO4,commercial,,,,,,,,,Low,,iron-phosphate precursor (CATL JV); no figure,trade,SMM (Shanghai Metals Market),trade press,,https://news.metal.com/newscontent/101706049,1,s072,https://news.metal.com/newscontent/101706049,
p026,Xinyangfeng (新洋丰),China,Precursor only,p026.c1,qualitative,FePO4,,,,reported,company,FePO4,commercial,,,,,,,,,Low,,"iron-phosphate precursor (EVE, Gotion, SVOLT deals); no figure",trade,faxiangongchang.com,industry report,,https://faxiangongchang.com/en/reports/china-phosphate-chemical-2026,1,s073,https://faxiangongchang.com/en/reports/china-phosphate-chemical-2026,
p027,CATL (宁德时代),China,Context row (not a CAM maker),p027.c1,qualitative,CAM,,,2021,reported,company,LFP,commercial,,,,,,,,,Low,,World's largest LFP cell maker; buys chiefly from Yuneng & Dynanonic; 2021 captive-LFP JV with Dynanonic,trade,Green Car Congress,trade press,2021-01,https://www.greencarcongress.com/2021/01/catl-to-build-new-280m-80-tpy-lfp-cathode-materials-plant-in-china.html,1,s074,https://www.greencarcongress.com/2021/01/catl-to-build-new-280m-80-tpy-lfp-cathode-materials-plant-in-china.html,
p028,BYD (比亚迪),China,Operating,p028.c1,qualitative,CAM,,,,reported,company,LFP,commercial,,,,,,,,,Low,,FinDreams units make LFP in-house for Blade batteries; no figure disclosed,weak,Wikipedia,encyclopedia,,https://en.wikipedia.org/wiki/BYD_Blade_battery,1,s075,https://en.wikipedia.org/wiki/BYD_Blade_battery,
p029,EVE Energy (亿纬锂能),China,Context row (not a CAM maker),p029.c1,capacity,CAM,100000,,,reported,company,cathode-unsplit,commercial,bundle,,,,,,,,Low,row-level seed source — figure-level re-sourcing pending; no vintage stated in seed; bundle — non-CAM or mixed tonnage inside,JV w/ Hunan Zhongke for cathode ~100 kt; largely buys,primary,Springer / MRS Communications,peer-reviewed review,,https://link.springer.com/article/10.1557/s43579-024-00644-2,1,s068,https://link.springer.com/article/10.1557/s43579-024-00644-2,
p031,Aleees / Advanced Lithium Electrochemistry (立凱電能),Taiwan,Operating,p031.c1,output_cumulative,CAM,,~30 kt cumulative,,reported,company,LFP,commercial,,,,,,,,,Medium,"cumulative, not a rate",~30 kt CUMULATIVE shipped — not a t/y rate; never enters totals,company,www.aleees.com,company website,,https://www.aleees.com/en/products-services/cam-material/,1,s076,https://www.aleees.com/en/products-services/cam-material/,
p032,"Formosa Lithium Iron Oxide (FEMTC, 台塑鋰鐵)",Taiwan,Operating,p032.c1,capacity,CAM,4800,,,reported,company,LFP,commercial,,,,,,Y,,,Low,row-level seed source — figure-level re-sourcing pending; no vintage stated in seed,"~4,800 t/y; JV of Formosa Plastics + Changs Ascending",company,www.caec.com.tw,company website,,http://www.caec.com.tw/company.php,1,s077,http://www.caec.com.tw/company.php,
p033,Changs Ascending Enterprise (長園科技),Taiwan,Operating,p033.c1,qualitative,CAM,,,2001,reported,company,LFP,commercial,,,,,,,,,High,,First LFP maker in Taiwan (2001); niche ESS/UPS; licenses tech to FEMTC,primary,Airiti Library,academic article,2016-06-21,https://www.airitilibrary.com/Article/Detail/10219447-201604-201606210017-201606210017-19-20,1,s078,https://www.airitilibrary.com/Article/Detail/10219447-201604-201606210017-201606210017-19-20,
p034,Tatung Fine Chemicals (TFC),Taiwan,Uncertain / limited,p034.c1,qualitative,CAM,,,2012,historic,company,LFP,commercial,,,,,,,,,Low,,Entered Japan ESS market 2012; LiFePO4+C license terminated 2017; low-profile since,trade,Green Car Congress,trade press,2017-07-20,https://www.greencarcongress.com/2017/07/20170710-tfc.html,1,s079,https://www.greencarcongress.com/2017/07/20170710-tfc.html,
p035,Sumitomo Osaka Cement (住友大阪セメント),Japan,Exited / cancelled,p035.c1,qualitative,CAM,,,2022,historic,company,LFP,commercial,,,,,,,,,Medium,,EXITED — LFP business + Vietnam plant transferred to SMM (Feb/May 2022); carbon-coating pioneer,company,www.smm.co.jp,company website,2022-02-00,https://www.smm.co.jp/en/news/release/2022/02/001542.html,1,s080,https://www.smm.co.jp/en/news/release/2022/02/001542.html,
p036,Sumitomo Metal Mining / SMM (住友金属鉱山),Japan,Uncertain / limited,p036.c1,qualitative,CAM,,,2022,reported,company,LFP,commercial,,,,,,,,,Medium,,Holds ex-SOC LFP business; large-scale commercial production not confirmed; R&D with Nano One,company,www.smm.co.jp,company website,2022-02-22,https://www.smm.co.jp/en/news/release/uploaded_files/20220222_EN.pdf,1,s081,https://www.smm.co.jp/en/news/release/uploaded_files/20220222_EN.pdf,
p037,Nichia (日亜化学工業),Japan,Operating,p037.c1,qualitative,CAM,,,,reported,company,LFP,commercial,,,,,,,,,Medium,,LiFePO4 is a listed catalog cathode ('original synthetic process'); scale small,company,www.nichia.co.jp,company website,,https://www.nichia.co.jp/en/product/battery.html,1,s082,https://www.nichia.co.jp/en/product/battery.html,
p038,Toda Kogyo (戸田工業),Japan,Precursor only,p038.c1,qualitative,FePO4,,,,reported,company,FePO4,commercial,,,,,,,,,Medium,,"Sells iron-oxide precursor for LFP, not finished CAM",company,www.todakogyo.co.jp,company website,,https://www.todakogyo.co.jp/english/product/battery.html,1,s083,https://www.todakogyo.co.jp/english/product/battery.html,
p039,Taiheiyo Cement (太平洋セメント),Japan,Announced,p039.c1,qualitative,CAM,,,2025,announced,company,LMFP,commercial,,,,,,,,,Low,,Proprietary hydrothermal 'Nanolitia' LMFP; targeted mass production 2025 — start not confirmed; no figure,trade,Mitsui & Co. Global Strategic Studies Institute,industry report,2023-09-19,https://www.mitsui.com/mgssi/en/report/detail/__icsFiles/afieldfile/2023/09/19/2308t_zhao_e.pdf,1,s046,https://www.mitsui.com/mgssi/en/report/detail/__icsFiles/afieldfile/2023/09/19/2308t_zhao_e.pdf,
p040,Mitsui E&S (三井E&S),Japan,Exited / cancelled,p040.c1,qualitative,CAM,,,,historic,company,LFP,commercial,,,,,,,,,Low,,Historical LiFePO4+C license holder; not a current producer,trade,Green Car Congress,trade press,2011-07,https://www.greencarcongress.com/2011/07/lfp-20110704.html,1,s033,https://www.greencarcongress.com/2011/07/lfp-20110704.html,
p041,"L&F (via L&F Plus, 엘앤에프)",South Korea,Under construction,p041.c1,capacity,CAM,30000,,,construction,site,LFP,commercial,,,,,2026-Q4,,Y,,Low,row-level seed source — figure-level re-sourcing pending; no vintage stated in seed,Daegu 30 kt; mass production ~Q4 2026 (Korea's first/only mass producer),trade,The Korea Times,news article,2026-07-10,https://www.koreatimes.co.kr/business/companies/20260710/lfs-lfp-push-aims-to-break-chinas-grip-on-battery-supply-chain,1,s084,https://www.koreatimes.co.kr/business/companies/20260710/lfs-lfp-push-aims-to-break-chinas-grip-on-battery-supply-chain,
p041,"L&F (via L&F Plus, 엘앤에프)",South Korea,Under construction,p041.c2,capacity,CAM,60000,,,target,site,LFP,commercial,,,,,2027,,,,Low,row-level seed source — figure-level re-sourcing pending; no vintage stated in seed; company target — counts toward no total,Daegu expansion 30 → 60 kt (2027),trade,The Korea Times,news article,2026-07-10,https://www.koreatimes.co.kr/business/companies/20260710/lfs-lfp-push-aims-to-break-chinas-grip-on-battery-supply-chain,1,s084,https://www.koreatimes.co.kr/business/companies/20260710/lfs-lfp-push-aims-to-break-chinas-grip-on-battery-supply-chain,
p041,"L&F (via L&F Plus, 엘앤에프)",South Korea,Under construction,p041.c3,qualitative,CAM,,,,announced,company,LFP,commercial,,,,,,,,,Low,,US plant with Mitra Chem — MP 2028; no figure in seed,trade,The Korea Times,news article,2026-07-10,https://www.koreatimes.co.kr/business/companies/20260710/lfs-lfp-push-aims-to-break-chinas-grip-on-battery-supply-chain,1,s084,https://www.koreatimes.co.kr/business/companies/20260710/lfs-lfp-push-aims-to-break-chinas-grip-on-battery-supply-chain,
p042,POSCO Future M (포스코퓨처엠),South Korea,Announced,p042.c1,capacity,CAM,50000,,,announced,site,LFP,commercial,,,,,2027,,Y,,Low,row-level seed source — figure-level re-sourcing pending; no vintage stated in seed; stated as a ceiling ('up to'),"JV w/ CNGR + FINO — Pohang UP TO 50 kt, MP 2027 (ceiling, not committed nameplate)",company,newsroom.posco.com,company website,,https://newsroom.posco.com/en/posco-future-m-signs-joint-venture-agreement-with-cngr-and-fino-for-lfp-cathode-materials/,1,s085,https://newsroom.posco.com/en/posco-future-m-signs-joint-venture-agreement-with-cngr-and-fino-for-lfp-cathode-materials/,
p043,LG Chem (LG화학),South Korea,Announced,p043.c1,capacity,CAM,50000,,2023-09-25,announced,site,LFP,commercial,,p065.c3,,,2026,,,,Medium,same project as p065.c3 — counts once there,Morocco 50 kt MOU with Youshan/Huayou; the stated 2026 mass-production target is unconfirmed. SAME project as the Morocco-cluster row; counts once there.,company,LG Corp,company release,2023-09-25,https://www.lgcorp.com/media/release/26808,1,s065,https://www.lgcorp.com/media/release/26808,
p044,EcoPro BM (에코프로비엠),South Korea,Pilot / demo,p044.c1,capacity,CAM,3000,,2025,built,site,LFP,pilot,,,,,,,,,Low,row-level seed source — figure-level re-sourcing pending,pilot line ~3 kt; samples from Q2 2025; precursor-free direct-synthesis R&D (with Hyundai/Kia/Hyundai Steel),trade,MarkLines,trade press,,https://www.marklines.com/en/news/321811,1,s086,https://www.marklines.com/en/news/321811,
p045,Nano One Materials,"Canada (Candiac, QC)",Pilot / demo,p045.c1,capacity,CAM,2400,,,built,site,LFP,pilot,,,,,,,,,Low,row-level seed source — figure-level re-sourcing pending; no vintage stated in seed,"site nameplate ~2,400 tpa (ex-JM Candiac); operated by Nano One",company,nanoone.ca,company website,,https://nanoone.ca/news/nano-one-advances-candiac-lfp-production-capacity-expansion-project-detailed-engineering-equipment-procurement/,1,s087,https://nanoone.ca/news/nano-one-advances-candiac-lfp-production-capacity-expansion-project-detailed-engineering-equipment-procurement/,
p045,Nano One Materials,"Canada (Candiac, QC)",Pilot / demo,p045.c2,output_rate,CAM,,~200 tpa current pilot,,reported,site,LFP,pilot,,,,,,,,,Medium,rate in native units — never converted,current pilot production ~200 tpa,company,nanoone.ca,company website,,https://nanoone.ca/news/nano-one-advances-candiac-lfp-production-capacity-expansion-project-detailed-engineering-equipment-procurement/,1,s087,https://nanoone.ca/news/nano-one-advances-candiac-lfp-production-capacity-expansion-project-detailed-engineering-equipment-procurement/,
p045,Nano One Materials,"Canada (Candiac, QC)",Pilot / demo,p045.c3,capacity,CAM,800,,,target,site,LFP,pilot,,,,,2027-H1,,,,Low,row-level seed source — figure-level re-sourcing pending; no vintage stated in seed; company target — counts toward no total,demo target ~800 tpa H1-2027,company,nanoone.ca,company website,,https://nanoone.ca/news/nano-one-advances-candiac-lfp-production-capacity-expansion-project-detailed-engineering-equipment-procurement/,1,s087,https://nanoone.ca/news/nano-one-advances-candiac-lfp-production-capacity-expansion-project-detailed-engineering-equipment-procurement/,
p046,Mitra Chem,"USA (Mountain View, CA; planned Muskegon, MI)",Announced,p046.c1,capacity,CAM,15000,,,planned,site,LFP,commercial,,,,,,,Y,,Low,row-level seed source — figure-level re-sourcing pending; no vintage stated in seed,"planned MI plant ~15,000 → 30,000 tpa ($125M DOE+Michigan); multi-ton samples produced; LMFP too",company,PR Newswire,company press release,,https://www.prnewswire.com/news-releases/us-department-of-energy-selects-mitra-chem-for-100-million-award-for-domestic-battery-manufacturing-302253860.html,1,s088,https://www.prnewswire.com/news-releases/us-department-of-energy-selects-mitra-chem-for-100-million-award-for-domestic-battery-manufacturing-302253860.html,
p047,6K Energy,"USA (Jackson, TN)",Under construction,p047.c1,capacity,CAM,400,,,built,site,LFP,pilot,,,,,,,,,Low,row-level seed source — figure-level re-sourcing pending; no vintage stated in seed,R&D line ~400 tpa (pilot producing),company,www.6kinc.com,company website,,https://www.6kinc.com/news/press-release/the-us-department-of-energy-and-6k-energy-execute-agreement-for-the-50m-grant-for-the-pluscam-battery-material-production-plant-in-jackson-tn/,1,s089,https://www.6kinc.com/news/press-release/the-us-department-of-energy-and-6k-energy-execute-agreement-for-the-50m-grant-for-the-pluscam-battery-material-production-plant-in-jackson-tn/,
p047,6K Energy,"USA (Jackson, TN)",Under construction,p047.c2,capacity,CAM,13000,,,construction,site,LFP,commercial,,,,,,,Y,,Low,row-level seed source — figure-level re-sourcing pending; no vintage stated in seed,"'PlusCAM' 13,000 tpa under construction ($50M DOE); UniMelt microwave-plasma — also NMC",company,www.6kinc.com,company website,,https://www.6kinc.com/news/press-release/the-us-department-of-energy-and-6k-energy-execute-agreement-for-the-50m-grant-for-the-pluscam-battery-material-production-plant-in-jackson-tn/,1,s089,https://www.6kinc.com/news/press-release/the-us-department-of-energy-and-6k-energy-execute-agreement-for-the-50m-grant-for-the-pluscam-battery-material-production-plant-in-jackson-tn/,
p048,First Phosphate,"Canada (Saguenay, QC)",Pilot / demo,p048.c1,qualitative,CAM,,,2025,reported,company,LFP,pilot,,,,,,,,,Medium,,pilot; produced LFP CAM & cells from North American minerals (2025); commercial ~2027; integrated from igneous phosphate,company,firstphosphate.com,company website,,https://firstphosphate.com/projects/lfp-cam-lfp-battery-cell-pilot-production-plant/,1,s090,https://firstphosphate.com/projects/lfp-cam-lfp-battery-cell-pilot-production-plant/,
p049,Wildcat Discovery Technologies,"USA (San Diego; planned Hooks, TX)",Announced,p049.c1,output_cumulative,CAM,,1 metric ton produced w/ offtakes,,reported,company,LFP,commercial,,,,,,,,,Medium,"cumulative, not a rate","produced 1 MT (metric ton) LFP with offtakes — cumulative, not t/y",company,www.wildcatdiscovery.com,company website,2026-06-04,https://www.wildcatdiscovery.com/2026/06/04/wildcat-discovery-technologies-and-energyx-announce-joint-venture-for-15000-ton-commercial-lfp-cathode-manufacturing-facility-in-texas/,1,s091,https://www.wildcatdiscovery.com/2026/06/04/wildcat-discovery-technologies-and-energyx-announce-joint-venture-for-15000-ton-commercial-lfp-cathode-manufacturing-facility-in-texas/,
p049,Wildcat Discovery Technologies,"USA (San Diego; planned Hooks, TX)",Announced,p049.c2,capacity,CAM,15000,,2026-06,announced,site,LFP,commercial,,,,,,,Y,,Medium,row-level seed source — figure-level re-sourcing pending,"15,000 tpa TX plant (JV w/ EnergyX) announced Jun 2026",company,www.wildcatdiscovery.com,company website,2026-06-04,https://www.wildcatdiscovery.com/2026/06/04/wildcat-discovery-technologies-and-energyx-announce-joint-venture-for-15000-ton-commercial-lfp-cathode-manufacturing-facility-in-texas/,1,s091,https://www.wildcatdiscovery.com/2026/06/04/wildcat-discovery-technologies-and-energyx-announce-joint-venture-for-15000-ton-commercial-lfp-cathode-manufacturing-facility-in-texas/,
p050,ICL Group,"USA (St. Louis, MO)",Exited / cancelled,p050.c1,capacity,CAM,30000,,,cancelled,site,LFP,commercial,,,,,,,,,Medium,row-level seed source — figure-level re-sourcing pending; no vintage stated in seed,"was $400M / 30,000 tpa (licensed Aleees process); DISCONTINUED Nov 2025 after DOE pulled $197M; Spain JV w/ Dynanonic also killed",primary,US SEC (EDGAR),regulatory filing,,https://www.sec.gov/Archives/edgar/data/941221/000117891325003729/zk2533974.htm,1,s092,https://www.sec.gov/Archives/edgar/data/941221/000117891325003729/zk2533974.htm,
p052,Lithium Werks,USA/China (defunct in West),Exited / cancelled,p052.c1,qualitative,CAM,,,2022,historic,company,LFP,commercial,,,,,,,,,Medium,,successor to A123 industrial + Valence ('Nanophosphate' carbothermal); assets sold to Reliance (2022); no current Western CAM,company,lithiumwerks.com,company website,,https://lithiumwerks.com/about/history/,1,s038,https://lithiumwerks.com/about/history/,
p053,IBU-tec,Germany (Weimar; Bitterfeld-Wolfen),Operating,p053.c1,capacity,CAM,3000,,,built,site,LFP,commercial,,,,p053.c3,,,,,Low,"superseded by p053.c3 — shown for history, counts toward no total; row-level seed source — figure-level re-sourcing pending; no vintage stated in seed; stated as a floor","Weimar >3,000 tpa producing now — '>' floor; proprietary spray-calcination / rotary kiln, 'no Chinese tech'",trade,chemeurope.com,trade press,,https://www.chemeurope.com/en/news/1188510/ibu-tec-is-setting-up-lfp-production-without-chinese-technology.html,1,s094,https://www.chemeurope.com/en/news/1188510/ibu-tec-is-setting-up-lfp-production-without-chinese-technology.html,
p053,IBU-tec,Germany (Weimar; Bitterfeld-Wolfen),Operating,p053.c2,capacity,CAM,15000,,,construction,site,LFP,commercial,,,,p053.c4,2028,,,,Low,"superseded by p053.c4 — shown for history, counts toward no total; row-level seed source — figure-level re-sourcing pending; no vintage stated in seed","Bitterfeld 15,000 tpa (PowerCo 10-yr offtake), operations ~2028",trade,chemeurope.com,trade press,,https://www.chemeurope.com/en/news/1188510/ibu-tec-is-setting-up-lfp-production-without-chinese-technology.html,1,s094,https://www.chemeurope.com/en/news/1188510/ibu-tec-is-setting-up-lfp-production-without-chinese-technology.html,
p053,IBU-tec,Germany (Weimar; Bitterfeld-Wolfen),Operating,p053.c3,qualitative,CAM,,,2026-04-15,reported,site,LFP,commercial,,,p053.c1,,,,,,Medium,,"Company release (Apr 2026): transition-phase LFP is produced on EXISTING Weimar plants until 2028 — no tonnage stated anywhere reachable (2024 annual report and IR archive checked). The seed's '>3,000 tpa' could not be confirmed in any company document and stops counting. Weimar revenue guidance: mid-double-digit €m over three years.",company,IBU-tec advanced materials AG,corporate news release,2026-04-15,https://www.ibu-tec.de/investor-relations/finanzmeldungen/newsbeitrag/ibu-tec-erfolgreiches-richtfest-fuer-neuen-spruehturm-als-zwischenschritt-fuer-grossvolumige-lfp-produktion-am-standort-bitterfeld/,1,s_ibu_weimar,https://www.ibu-tec.de/investor-relations/finanzmeldungen/newsbeitrag/ibu-tec-erfolgreiches-richtfest-fuer-neuen-spruehturm-als-zwischenschritt-fuer-grossvolumige-lfp-produktion-am-standort-bitterfeld/,
p053,IBU-tec,Germany (Weimar; Bitterfeld-Wolfen),Operating,p053.c4,capacity,CAM,15000,,2026-07-15,construction,site,LFP,commercial,,,p053.c2,,2028,,Y,,Medium,,"EQS release 2026-07-15: 'Die 2028 in Betrieb gehende LFP-Produktionsanlage wird eine Kapazität von 15.000 Tonnen haben'; spray-tower trial operation from Q4 2026; PowerCo has secured the entire volume ≥10 years. Source upgraded trade→company, value unchanged.",company,IBU-tec advanced materials AG via EQS (onvista mirror),corporate news release,2026-07-15,https://www.onvista.de/news/2026/07-15-eqs-news-ibu-tec-mit-weiteren-planmaessigen-baufortschritten-beim-aufbau-von-lfp-produktionsanlage-in-bitterfeld-0-37-26532436,1,s_ibu_eqs,https://www.onvista.de/news/2026/07-15-eqs-news-ibu-tec-mit-weiteren-planmaessigen-baufortschritten-beim-aufbau-von-lfp-produktionsanlage-in-bitterfeld-0-37-26532436,
p054,Integrals Power,UK (Milton Keynes),Pilot / demo,p054.c1,capacity,CAM,20,,,built,site,LFP,pilot,,,,,,,,,Low,row-level seed source — figure-level re-sourcing pending; no vintage stated in seed,pilot 20 tpa producing,trade,Battery Tech Association,industry association,,https://batterytechassociation.org/integrals-power-launches-uks-first-zero-emission-pilot-plant-to-accelerate-lfp-battery-manufacturing-industry/,1,s095,https://batterytechassociation.org/integrals-power-launches-uks-first-zero-emission-pilot-plant-to-accelerate-lfp-battery-manufacturing-industry/,
p054,Integrals Power,UK (Milton Keynes),Pilot / demo,p054.c2,capacity,CAM,100,,,target,site,LFP,pilot,,,,,,,,,Low,row-level seed source — figure-level re-sourcing pending; no vintage stated in seed; company target — counts toward no total,scaling to 100 tpa demo,trade,Battery Tech Association,industry association,,https://batterytechassociation.org/integrals-power-launches-uks-first-zero-emission-pilot-plant-to-accelerate-lfp-battery-manufacturing-industry/,1,s095,https://batterytechassociation.org/integrals-power-launches-uks-first-zero-emission-pilot-plant-to-accelerate-lfp-battery-manufacturing-industry/,
p054,Integrals Power,UK (Milton Keynes),Pilot / demo,p054.c3,capacity,CAM,1000,,,target,site,LFP,pilot,,,,,,,,,Low,row-level seed source — figure-level re-sourcing pending; no vintage stated in seed; company target — counts toward no total,"engineering for 1,000 tpa (DRIVE35); LMFP high-Mn ~80%",trade,Battery Tech Association,industry association,,https://batterytechassociation.org/integrals-power-launches-uks-first-zero-emission-pilot-plant-to-accelerate-lfp-battery-manufacturing-industry/,1,s095,https://batterytechassociation.org/integrals-power-launches-uks-first-zero-emission-pilot-plant-to-accelerate-lfp-battery-manufacturing-industry/,
p055,Epsilon Advanced Materials,"Germany (Moosburg, ex-JM)",Pilot / demo,p055.c1,qualitative,CAM,,,2024,reported,site,LFP,pilot,,,,,,,,,Medium,,Germany pilot/qualification line (hydrothermal); bought from Johnson Matthey 2024,company,Business Wire,company press release,2024-02-01,https://www.businesswire.com/news/home/20240201488246/en/,1,s042,https://www.businesswire.com/news/home/20240201488246/en/,
p056,BASF,"Germany (Weimar, toll-made by IBU-tec)",Uncertain / limited,p056.c1,capacity,CAM,3000,,2014,built,site,LFP,commercial,,,,,,,,,Medium,row-level seed source — figure-level re-sourcing pending,"~3,000 tpa Weimar plant launched 2014 (licensed LiFePO4+C); strategic focus moved to NCM",company,www.basf.com,company website,2014-05,https://www.basf.com/us/en/media/news-releases/2014/05/p-13-578,1,s096,https://www.basf.com/us/en/media/news-releases/2014/05/p-13-578,
p057,Prayon,Belgium (Engis),Operating,p057.c1,qualitative,CAM,,,,reported,company,LFP,commercial,,,,,,,,,Medium,,"small production, JV-based (sublicensed process; JV w/ Pulead); scale uncertain",company,www.prayon.com,company website,,https://www.prayon.com/en/our-activities/products/batteries.php,1,s097,https://www.prayon.com/en/our-activities/products/batteries.php,
p058,Johnson Matthey,UK/Canada/Germany,Exited / cancelled,p058.c1,qualitative,CAM,,,2021,historic,company,LFP,commercial,,,,,,,,,Medium,,"EXITED battery materials (Nov 2021); ran solid-state + hydrothermal at Candiac; Candiac → Nano One, Moosburg → Epsilon",company,matthey.com,company website,2021,https://matthey.com/news/2021/battery-materials-announcement,1,s039,https://matthey.com/news/2021/battery-materials-announcement,
p059,Epsilon Advanced Materials (India),India (Karnataka),Announced,p059.c1,capacity,CAM,30000,,,planned,site,LFP,commercial,,,,,2027,,Y,,Low,row-level seed source — figure-level re-sourcing pending; no vintage stated in seed,"India plant planned 30,000 tpa by 2027",trade,pv magazine India,trade press,2025-02-12,https://www.pv-magazine-india.com/2025/02/12/epsilon-group-commits-inr-15350-crore-for-ev-battery-materials-testing-facility-in-karnataka/,1,s098,https://www.pv-magazine-india.com/2025/02/12/epsilon-group-commits-inr-15350-crore-for-ev-battery-materials-testing-facility-in-karnataka/,
p059,Epsilon Advanced Materials (India),India (Karnataka),Announced,p059.c2,capacity,CAM,100000,,,target,site,LFP,commercial,,,,,2030,,,,Low,row-level seed source — figure-level re-sourcing pending; no vintage stated in seed; company target — counts toward no total,"→ 100,000 tpa by 2030",trade,pv magazine India,trade press,2025-02-12,https://www.pv-magazine-india.com/2025/02/12/epsilon-group-commits-inr-15350-crore-for-ev-battery-materials-testing-facility-in-karnataka/,1,s098,https://www.pv-magazine-india.com/2025/02/12/epsilon-group-commits-inr-15350-crore-for-ev-battery-materials-testing-facility-in-karnataka/,
p060,Altmin,"India (Hyderabad; Divitipalli, Telangana)",Pilot / demo,p060.c1,output_rate,CAM,,~100 kg/day pilot,,reported,site,LFP,pilot,,,,,,,,,Low,rate in native units — never converted,"pilot ~100 kg/day producing (ARCI collaboration) — rate kept in native units, never converted",trade,EVreporter,trade press,,https://evreporter.com/altmin-and-arci-partner-to-begin-cathode-material-production-in-india/,1,s099,https://evreporter.com/altmin-and-arci-partner-to-begin-cathode-material-production-in-india/,
p060,Altmin,"India (Hyderabad; Divitipalli, Telangana)",Pilot / demo,p060.c2,capacity,CAM,20000,,,announced,site,LFP,pilot,,,,,,,Y,,Low,row-level seed source — figure-level re-sourcing pending; no vintage stated in seed; stated as a floor,"giga-factory 20,000+ tpa announced — '+' floor",trade,EVreporter,trade press,,https://evreporter.com/altmin-and-arci-partner-to-begin-cathode-material-production-in-india/,1,s099,https://evreporter.com/altmin-and-arci-partner-to-begin-cathode-material-production-in-india/,
p061,Reliance New Energy,India (Jamnagar),Announced,p061.c1,qualitative,CAM,,,2022,announced,company,LFP,commercial,,,,,,,,,Medium,,bought Lithium Werks assets (2022): 219 LFP patents + China plant; own merchant CAM output not yet confirmed,company,lithiumwerks.com,company website,,https://lithiumwerks.com/reliance-new-energy-limited-acquires-assets-of-lithium-werks/,1,s040,https://lithiumwerks.com/reliance-new-energy-limited-acquires-assets-of-lithium-werks/,
p062,VSPC (Livium; ex-Lithium Australia),Australia (Brisbane),Pilot / demo,p062.c1,qualitative,CAM,,,,reported,site,LFP,pilot,,,,,,,,,High,,pilot producing (proprietary hybrid solid-state + solution),primary,ARENA (Australian Government),government project page,,https://arena.gov.au/projects/vspc-advanced-cathode-powder-manufacturing-demonstration-project/,1,s100,https://arena.gov.au/projects/vspc-advanced-cathode-powder-manufacturing-demonstration-project/,
p062,VSPC (Livium; ex-Lithium Australia),Australia (Brisbane),Pilot / demo,p062.c2,capacity,CAM,250,,,announced,site,LFP,pilot,,,,,,,Y,,Medium,row-level seed source — figure-level re-sourcing pending; no vintage stated in seed,250 tpa demo plant ($30M ARENA grant),primary,ARENA (Australian Government),government project page,,https://arena.gov.au/projects/vspc-advanced-cathode-powder-manufacturing-demonstration-project/,1,s100,https://arena.gov.au/projects/vspc-advanced-cathode-powder-manufacturing-demonstration-project/,
p063,Avenira,"Australia (Darwin, NT)",Announced,p063.c1,capacity,CAM,10000,,,announced,site,LFP,commercial,,,,,,,Y,,Low,row-level seed source — figure-level re-sourcing pending; no vintage stated in seed,"Phase 1 ~10,000 tpa (→ 30k → 100k later phases, not counted); licensed Aleees process; integrated w/ Wonarah phosphate; timelines extended",company,avenira.com,company website,,https://avenira.com/lfp-project/,1,s101,https://avenira.com/lfp-project/,
p064,FREYR / T1 Energy,"Finland (Vaasa, planned)",Exited / cancelled,p064.c1,capacity,CAM,30000,,,announced,site,LFP,commercial,,,,,,,,,Low,row-level seed source — figure-level re-sourcing pending; no vintage stated in seed,"Finland CAM 30,000 tpa (EUR 122M EU grant); licensed Aleees process",trade,Battery-News.de,trade press,2024-10-30,https://battery-news.de/en/2024/10/30/eu-supports-freyr-lfp-cathode-material-project/,1,s102,https://battery-news.de/en/2024/10/30/eu-supports-freyr-lfp-cathode-material-project/,
p065,Morocco LFP cluster (Chinese-invested),Morocco,Announced,p065.c1,capacity,CAM,50000,,,construction,site,LFP,commercial,,,,p065.c3,2026,,,,Low,"superseded by p065.c3 — shown for history, counts toward no total; row-level seed source — figure-level re-sourcing pending; no vintage stated in seed","LG Chem–Youshan/Huayou JV ~50,000 tpa by 2026 (the figure counts HERE; LG Chem row cross-references it)",trade,Green Car Congress,trade press,2024-01-20,https://www.greencarcongress.com/2024/01/20240106-morocco-1.html,1,s103,https://www.greencarcongress.com/2024/01/20240106-morocco-1.html,
p065,Morocco LFP cluster (Chinese-invested),Morocco,Announced,p065.c2,qualitative,CAM,,,,announced,site,LFP,commercial,,,,,,,,,Low,,BTR & others; >$700M pledged across the cluster — no per-plant figures in seed,trade,Green Car Congress,trade press,2024-01-20,https://www.greencarcongress.com/2024/01/20240106-morocco-1.html,1,s103,https://www.greencarcongress.com/2024/01/20240106-morocco-1.html,
p065,Morocco LFP cluster (Chinese-invested),Morocco,Announced,p065.c3,capacity,CAM,50000,,2023-09-25,announced,site,LFP,commercial,,,p065.c1,,2026,,Y,,Medium,,"LG Chem and Huayou/Youshan signed an MOU for a 50,000 t/y Morocco LFP plant. The stated 2026 mass-production target is unconfirmed; no verified construction or production milestone was found as of 2026-08-02.",company,LG Corp,company release,2023-09-25,https://www.lgcorp.com/media/release/26808,1,s065,https://www.lgcorp.com/media/release/26808,
p065,Morocco LFP cluster (Chinese-invested),Morocco,Announced,p065.c4,qualitative,CAM,,,2025-06-04,announced,site,LFP,commercial,,,,,,,,,Low,,"LesEco.ma still described the 50,000 t/y LG Chem-Huayou project as announced in June 2025; no construction milestone was stated.",trade,LesEco.ma,business press,2025-06-04,https://leseco.ma/business/stockage-denergie-pourquoi-le-maroc-doit-accroitre-ses-investissements.html,1,s_leseco_morocco25,https://leseco.ma/business/stockage-denergie-pourquoi-le-maroc-doit-accroitre-ses-investissements.html,
